	H1930001.final.vcf.gz	UCI5224.filtered.ann.vcf.gz	UCI2424.filtered.ann.vcf.gz	H1930002.final.vcf.gz	UWA_7648.filtered.vcf.gz	UCI4723.filtered.ann.vcf.gz	H1930004.final.vcf.gz
rs9357065	./.	./.	./.	1	1	./.	1
rs1225618	./.	1	./.	1	1	./.	1
rs9357066	./.	./.	./.	1	1	./.	1
rs13596	1	2	1	1	2	1	1
rs11150577	./.	1	1	./.	1	2	2
rs4583255	./.	1	1	./.	1	1	2
rs216212	1	2	./.	2	1	1	./.
rs216213	1	2	./.	2	1	1	./.
rs8712	1	1	1	./.	./.	./.	1
rs144908353	./.	./.	./.	./.	./.	./.	./.
rs6716963	1	./.	1	1	1	2	./.
rs3132645	./.	./.	./.	1	./.	./.	./.
rs34054241	./.	./.	./.	./.	2	./.	./.
rs113041772	./.	./.	./.	./.	2	./.	./.
rs79464894	./.	./.	./.	./.	2	./.	./.
rs74732642	./.	./.	./.	./.	2	./.	./.
rs28895219	./.	./.	./.	./.	2	./.	./.
rs28895220	./.	./.	./.	./.	2	./.	./.
rs9271524	./.	./.	./.	1	./.	./.	1
rs9271526	./.	./.	./.	1	./.	./.	1
rs9271527	1	./.	./.	1	./.	./.	1
rs9271528	./.	./.	./.	1	./.	./.	1
rs9271724	1	./.	./.	1	./.	./.	1
rs9271725	1	./.	./.	1	./.	./.	1
rs9271727	1	./.	./.	1	./.	./.	1
rs9271728	1	./.	./.	1	./.	./.	1
rs9271733	1	./.	./.	1	./.	./.	1
rs77561671	1	1	1	./.	./.	./.	1
rs62056792	1	1	1	./.	./.	./.	1
rs9303523	1	1	1	./.	./.	./.	1
rs62056793	1	1	1	./.	./.	./.	1
rs62056794	1	1	1	./.	./.	./.	1
rs12150104	1	1	1	./.	./.	./.	1
rs62061725	1	1	1	./.	./.	./.	1
rs62061726	1	1	1	./.	./.	./.	1
rs473149	1	./.	1	./.	1	2	./.
rs12144370	2	1	1	1	./.	1	./.
rs12129573	2	1	1	1	./.	1	./.
rs1382573	./.	./.	1	./.	./.	./.	./.
rs1824850	./.	./.	1	./.	./.	./.	./.
rs708723	1	1	1	./.	1	./.	1
rs10883808	1	./.	1	./.	./.	1	./.
rs75966121	1	./.	./.	1	./.	1	./.
rs174541	./.	1	./.	./.	2	1	1
rs77502336	1	./.	./.	./.	1	./.	./.
rs7112807	./.	./.	./.	1	./.	./.	./.
rs6590535	./.	1	1	1	1	./.	./.
rs1047158	2	2	1	1	2	1	2
rs2025247	2	1	./.	./.	1	1	./.
rs34448227	2	1	./.	./.	1	1	./.
rs11619691	2	1	./.	./.	1	1	./.
rs9549713	2	1	./.	./.	1	1	./.
rs35225048	1	1	2	2	1	1	1
rs11636499	1	./.	1	./.	./.	./.	2
rs35691028	1	1	./.	2	./.	1	./.
rs12938295	1	1	./.	2	./.	1	./.
rs1122645	1	1	2	./.	2	1	2
rs62061859	1	1	1	./.	./.	./.	1
rs55802590	1	1	1	./.	./.	./.	1
rs2532419	1	1	1	./.	./.	./.	1
rs2732628	1	./.	1	./.	./.	./.	1
rs183211	1	1	2	./.	./.	1	1
rs28758902	1	2	1	./.	./.	1	1
rs34415122	./.	./.	./.	./.	1	./.	1
rs1417065907	./.	1	1	./.	./.	1	1
rs10166461	./.	./.	1	./.	1	./.	./.
rs873270	./.	./.	./.	1	1	./.	./.
rs749007	1	1	./.	./.	./.	1	./.
rs11688168	1	./.	1	./.	./.	./.	1
rs11694236	1	./.	1	./.	./.	./.	1
rs11688194	1	./.	1	./.	./.	./.	1
rs34381014	1	./.	1	./.	./.	./.	1
rs72974203	./.	./.	1	2	1	1	1
rs72974205	./.	./.	1	2	1	1	1
rs11130318	1	./.	1	1	./.	1	./.
rs171697	1	./.	./.	./.	2	./.	./.
rs155075	./.	./.	2	2	1	2	2
rs11134593	2	2	./.	./.	1	1	./.
rs9265949	./.	./.	./.	./.	./.	./.	./.
rs7752195	2	2	2	1	2	2	2
rs9295657	2	2	2	1	2	2	1
rs7748167	./.	./.	./.	1	./.	./.	1
rs9468223	./.	./.	./.	1	./.	./.	2
rs9461459	./.	./.	./.	1	1	2	1
rs9393925	2	2	2	1	2	2	1
rs6457164	1	./.	./.	2	1	./.	1
rs6457165	1	./.	./.	2	1	./.	1
rs2517622	./.	./.	./.	1	./.	./.	1
rs6457167	1	./.	./.	2	1	./.	1
rs6903331	1	1	./.	./.	2	./.	./.
rs156429	1	1	./.	./.	2	./.	2
rs6465760	1	2	1	1	./.	./.	./.
rs12545056	./.	1	1	./.	1	2	1
rs12545057	./.	1	1	./.	1	2	1
rs55777218	1	./.	./.	./.	2	1	1
rs940404	./.	./.	./.	./.	./.	./.	./.
rs13202688	./.	./.	./.	1	./.	./.	1
rs35037868	./.	./.	./.	1	./.	./.	1
rs72694954	./.	./.	1	./.	./.	./.	./.
rs62056784	1	1	1	./.	./.	./.	1
rs62056785	1	1	1	./.	./.	./.	1
rs62056786	1	1	1	./.	./.	./.	1
rs62056789	1	1	1	./.	./.	./.	1
rs62056790	1	1	1	./.	./.	./.	1
rs1984937	1	1	1	./.	./.	./.	1
rs62056802	1	1	1	./.	./.	./.	1
rs62061731	1	1	1	./.	./.	./.	1
rs78556223	1	1	1	./.	./.	./.	1
rs242561	1	1	1	2	2	2	1
rs17650842	1	1	1	./.	./.	./.	1
rs1117253	1	1	1	./.	./.	./.	1
rs12150625	1	1	1	./.	./.	./.	1
rs12150627	1	1	1	./.	./.	./.	1
rs12150628	1	1	1	./.	./.	./.	1
rs199504	1	1	1	2	2	2	1
rs2092563	1	./.	./.	1	./.	2	1
rs1805646	./.	1	./.	1	./.	./.	./.
rs1805611	./.	1	./.	1	./.	./.	./.
rs34109053	1	./.	./.	1	./.	./.	1
rs2819340	1	1	2	2	2	./.	2
rs2842171	./.	./.	1	2	1	./.	./.
rs3747972	./.	./.	1	./.	./.	./.	./.
rs17114641	1	./.	./.	./.	./.	2	./.
rs4917987	2	1	1	./.	1	1	2
rs10883842	2	1	1	./.	1	1	2
rs1159574	1	./.	./.	./.	1	1	2
rs631249	1	1	1	1	./.	2	./.
rs631611	1	1	1	1	1	2	1
rs11602545	./.	1	1	1	1	./.	./.
rs1609520	2	2	1	1	2	1	2
rs9604040	./.	./.	2	2	1	1	2
rs3861723	2	1	./.	./.	1	1	./.
rs12889403	./.	1	./.	1	./.	./.	1
rs11623546	./.	1	1	1	1	./.	1
rs564585	2	1	./.	./.	./.	2	./.
rs4932177	2	1	2	./.	./.	./.	2
rs4932372	2	1	2	./.	./.	./.	2
rs9909895	1	1	2	./.	2	1	2
rs112437767	./.	1	1	./.	./.	./.	./.
rs241039	1	1	1	./.	./.	./.	1
rs2942168	1	1	1	./.	./.	./.	1
rs17762308	1	./.	1	./.	./.	./.	1
rs968028	1	1	1	./.	./.	./.	1
rs968027	1	1	1	./.	./.	./.	1
rs62054426	1	1	1	./.	./.	./.	1
rs56268325	1	1	1	./.	./.	./.	1
rs56070245	1	1	1	./.	./.	./.	1
rs56387266	1	1	1	./.	./.	./.	1
rs34303488	1	1	1	./.	./.	./.	1
rs55821155	1	1	1	./.	./.	./.	1
rs56080482	1	1	1	./.	./.	./.	1
rs17572613	1	1	1	./.	./.	./.	1
rs77527347	1	1	1	./.	./.	./.	1
rs79959255	1	1	1	./.	./.	./.	1
rs56301633	1	1	1	./.	./.	./.	1
rs56108300	1	1	1	./.	./.	./.	1
rs55893711	./.	1	1	./.	./.	./.	1
rs62060786	1	1	1	./.	./.	./.	1
rs62060787	1	1	1	./.	./.	./.	1
rs41384744	1	1	1	./.	./.	./.	1
rs55714296	1	1	1	./.	./.	./.	1
rs62073157	./.	1	1	./.	./.	./.	./.
rs199442	1	1	2	./.	./.	1	1
rs35178579	./.	./.	./.	./.	1	1	./.
rs17514172	./.	./.	./.	./.	1	1	./.
rs34341606	./.	./.	./.	./.	1	1	./.
rs138914864	./.	./.	./.	./.	./.	./.	./.
rs412776	./.	./.	1	1	./.	./.	./.
rs73050293	./.	./.	./.	./.	./.	./.	./.
rs11667640	./.	./.	./.	./.	./.	./.	./.
rs916068015	./.	./.	./.	./.	./.	./.	./.
rs79701229	./.	./.	./.	./.	./.	./.	./.
rs368375013	./.	./.	./.	./.	./.	./.	./.
rs7255018	./.	./.	1	./.	1	./.	1
rs6143010	1	2	2	2	1	./.	./.
rs2226349	./.	./.	1	1	./.	2	1
rs5758064	1	1	2	./.	1	./.	./.
rs6778735	1	1	1	1	./.	1	1
rs2083180	1	./.	1	1	./.	1	1
rs246770	./.	./.	2	2	1	2	2
rs3132610	./.	./.	./.	1	./.	./.	./.
rs9268427	./.	1	2	./.	./.	./.	./.
rs9268428	./.	1	2	./.	./.	./.	./.
rs140872668	./.	1	1	./.	./.	./.	./.
rs9268429	./.	1	2	./.	./.	./.	./.
rs9270771	./.	./.	./.	1	./.	./.	1
rs9270773	./.	./.	./.	1	./.	./.	1
rs9270782	./.	./.	./.	1	./.	./.	./.
rs217291	2	./.	1	./.	./.	2	1
rs11495981	./.	./.	1	./.	1	1	1
rs35358918	1	./.	1	1	2	./.	2
rs1727138	1	./.	1	1	2	./.	2
rs1727139	1	./.	1	1	2	./.	2
rs1727140	./.	./.	1	./.	2	./.	2
rs1727142	1	./.	1	./.	2	./.	2
rs1636988	./.	./.	1	./.	2	./.	2
rs2299319	2	2	1	2	1	1	./.
rs62488738	./.	./.	1	1	1	./.	./.
rs35524990	1	./.	1	./.	./.	./.	2
rs151161674	./.	./.	./.	./.	./.	./.	./.
rs6591565	./.	2	2	1	./.	1	./.
rs6591566	1	2	2	1	./.	1	./.
rs6591568	1	2	2	./.	./.	1	./.
rs7931689	./.	2	2	1	./.	1	./.
rs1805603	./.	1	./.	1	./.	./.	./.
rs7220206	1	./.	./.	./.	./.	./.	1
rs7222444	1	1	./.	./.	./.	./.	1
rs34018943	1	1	./.	./.	./.	./.	1
rs34104358	1	1	./.	./.	./.	./.	1
rs62064653	./.	1	./.	./.	./.	./.	1
rs56020833	1	1	./.	./.	./.	./.	1
rs199524	1	1	1	2	2	1	1
rs199523	1	1	1	2	2	1	1
rs74914300	./.	./.	1	./.	./.	./.	./.
rs356168	./.	./.	1	./.	2	1	1
rs3756054	./.	./.	./.	1	./.	1	./.
rs114610112	./.	./.	./.	./.	./.	./.	./.
rs41285667	./.	./.	./.	1	./.	./.	./.
rs11753207	1	./.	./.	./.	./.	./.	./.
rs11586016	./.	./.	2	2	1	./.	./.
rs74922289	1	1	1	./.	./.	./.	1
rs56971664	1	1	1	./.	./.	./.	1
rs62054811	1	1	1	./.	./.	./.	1
rs62062769	1	1	1	./.	./.	./.	1
rs62062770	1	./.	1	./.	./.	./.	1
rs55709241	1	1	1	./.	./.	./.	1
rs56280951	1	1	1	./.	./.	./.	1
rs112058117	./.	./.	1	./.	./.	./.	1
rs373491850	./.	./.	1	./.	./.	./.	1
rs1981997	1	1	1	./.	./.	./.	1
rs1981998	1	1	1	./.	./.	./.	1
rs71446682	2	1	./.	./.	1	1	./.
rs9577218	2	1	./.	./.	1	1	./.
rs182874927	1	./.	./.	./.	./.	./.	./.
rs2532298	1	1	1	./.	./.	./.	1
rs2532297	1	1	1	./.	./.	./.	1
rs2696572	1	1	1	./.	./.	./.	1
rs1338656	./.	1	./.	./.	2	1	2
rs11210237	./.	1	./.	./.	2	1	2
rs12814239	./.	./.	./.	./.	1	./.	./.
rs55915917	1	1	1	./.	./.	./.	1
rs55668363	1	1	1	./.	./.	./.	1
rs17689471	1	1	1	./.	./.	./.	1
rs56150806	1	1	1	./.	./.	./.	1
rs11673520	1	1	1	./.	2	1	1
rs631920	2	1	1	1	2	1	2
rs62118495	1	1	1	./.	2	1	1
rs3104371	./.	1	1	./.	./.	2	./.
rs9273595	./.	./.	1	./.	./.	./.	./.
rs9275223	./.	1	./.	./.	./.	1	./.
rs4337071	./.	./.	./.	./.	1	./.	./.
rs4630328	./.	./.	./.	./.	1	./.	./.
rs11601054	./.	./.	./.	./.	1	./.	./.
rs7934649	2	2	2	2	1	2	2
rs4938023	2	2	2	2	1	2	2
rs62064598	1	1	./.	./.	./.	./.	1
rs79742625	1	1	1	./.	./.	./.	1
rs17649866	1	1	1	./.	./.	./.	1
rs62063281	1	1	1	./.	./.	./.	1
rs17650860	1	1	1	./.	./.	./.	1
rs62063282	1	1	1	./.	./.	./.	1
rs12713370	2	1	1	1	1	2	1
rs1996342	2	2	1	./.	2	1	1
rs6047275	1	1	1	1	2	./.	2
rs6071578	2	./.	1	1	2	1	./.
rs13155345	2	2	1	1	1	2	1
rs3131073	./.	./.	./.	1	./.	./.	1
rs13194556	./.	./.	./.	./.	2	./.	./.
rs12529093	./.	./.	./.	./.	2	./.	./.
rs13209234	./.	./.	./.	./.	2	./.	./.
rs28895029	./.	./.	./.	./.	2	./.	./.
rs28895030	./.	./.	./.	./.	2	./.	./.
rs28895032	./.	./.	./.	./.	2	./.	./.
rs185263447	./.	./.	./.	1	./.	./.	./.
rs116482886	1	./.	1	1	./.	./.	./.
rs116132127	1	./.	1	1	./.	./.	./.
rs115878723	1	./.	1	1	./.	./.	./.
rs114961271	1	./.	1	./.	./.	./.	./.
rs6931478	1	1	./.	./.	2	1	./.
rs9274431	./.	./.	./.	1	./.	./.	./.
rs9274437	./.	./.	1	1	./.	./.	1
rs9549705	2	1	./.	./.	1	1	./.
rs2287246	2	1	./.	./.	1	1	./.
rs2287247	2	1	./.	./.	1	1	./.
rs2287248	2	1	./.	./.	1	1	./.
rs2287249	2	1	./.	./.	1	1	./.
rs2287250	./.	1	2	2	1	1	2
rs953285	1	1	./.	1	./.	1	./.
rs953286	1	1	./.	1	./.	1	./.
rs75617973	1	1	1	./.	./.	./.	1
rs62056805	1	1	1	./.	./.	./.	1
rs2678896	2	1	1	1	1	1	1
rs2678897	2	1	1	1	1	1	1
rs2717040	2	1	1	1	1	1	1
rs76152345	./.	./.	./.	./.	./.	./.	./.
rs6673661	1	./.	./.	2	1	2	1
rs2270972	./.	./.	1	2	1	./.	./.
rs4294451	2	2	1	1	2	2	1
rs4378243	2	2	1	1	2	2	2
rs10741059	2	2	2	2	2	2	1
rs10734054	2	2	2	2	2	2	1
rs10741060	2	2	2	2	2	2	1
rs12292425	1	./.	./.	1	./.	1	./.
rs617135	1	./.	1	1	2	./.	2
rs7933202	1	./.	./.	./.	2	./.	2
rs667897	1	./.	1	1	2	./.	2
rs678397	2	1	2	1	1	1	1
rs677488	2	1	2	1	1	1	1
rs16917496	2	2	1	./.	2	1	2
rs28642812	2	2	1	1	2	1	2
rs11846838	./.	1	./.	1	./.	./.	1
rs1187416	./.	1	1	1	1	./.	1
rs73404791	./.	./.	./.	1	./.	./.	./.
rs12594873	1	1	2	2	1	1	1
rs4594198	1	1	2	2	1	1	1
rs2071410	2	1	2	./.	./.	./.	2
rs1573643	2	1	2	./.	./.	./.	2
rs4889571	./.	1	1	1	2	./.	1
rs8062085	1	./.	./.	./.	./.	./.	./.
rs55910656	./.	1	./.	./.	1	./.	./.
rs55662347	1	1	1	./.	./.	./.	1
rs2471737	2	1	1	1	2	1	1
rs4351	1	1	1	1	1	2	2
rs56285026	1	./.	1	1	1	1	1
rs8087919	1	./.	1	1	1	1	1
rs10414830	./.	1	1	./.	1	./.	./.
rs35114168	1	1	./.	1	1	1	./.
rs11887884	./.	./.	1	./.	1	./.	./.
rs11714030	1	./.	1	1	./.	1	1
rs34739010	1	./.	1	1	./.	1	1
rs3733353	./.	./.	1	./.	1	1	./.
rs56785826	./.	./.	1	./.	1	1	./.
rs748483	1	./.	./.	./.	./.	./.	./.
rs6825421	1	1	1	1	2	2	1
rs6848708	1	1	1	1	2	2	1
rs181489	1	1	1	1	2	2	1
rs181490	1	1	1	1	2	2	1
rs356206	1	1	1	1	2	2	1
rs79596632	./.	./.	./.	1	./.	./.	./.
rs74329237	./.	./.	./.	1	./.	./.	./.
rs8180209	./.	./.	./.	1	./.	1	./.
rs8180214	./.	./.	./.	1	./.	1	./.
rs13166360	./.	./.	./.	./.	./.	./.	1
rs4703307	2	./.	./.	1	2	2	1
rs116418977	./.	./.	./.	./.	./.	./.	./.
rs3088186	1	2	2	1	1	1	1
rs28834970	1	1	1	./.	./.	./.	./.
rs11777164	2	./.	1	2	./.	./.	1
rs62512616	2	./.	1	./.	./.	./.	1
rs6424535	2	1	2	2	./.	1	./.
rs6424536	2	1	2	2	./.	1	./.
rs7522520	2	1	2	2	./.	1	./.
rs11210180	2	1	2	2	./.	1	./.
rs12325003	./.	./.	./.	./.	./.	1	1
rs13198784	./.	./.	./.	./.	2	./.	./.
rs13198660	./.	./.	./.	./.	2	./.	./.
rs28895207	./.	./.	./.	./.	2	./.	./.
rs28895208	./.	./.	./.	./.	2	./.	./.
rs28895209	./.	./.	./.	./.	2	./.	./.
rs28895210	./.	./.	./.	./.	2	./.	./.
rs28895211	./.	./.	./.	./.	2	./.	./.
rs28895212	./.	./.	./.	./.	2	./.	./.
rs28895213	./.	./.	./.	./.	2	./.	./.
rs28895214	./.	./.	./.	./.	2	./.	./.
rs28895215	./.	./.	./.	./.	2	./.	./.
rs3778987	1	1	1	1	./.	1	1
rs4648845	1	./.	./.	2	1	2	1
rs6668602	./.	1	1	1	2	1	2
rs4447033	2	2	1	1	2	2	2
rs1938572	2	2	1	1	2	2	2
rs1938573	2	2	1	1	2	2	2
rs4936216	./.	./.	1	./.	./.	./.	./.
rs2239018	1	1	./.	1	2	2	./.
rs2238056	1	1	./.	1	2	2	./.
rs758170	./.	1	./.	1	1	./.	./.
rs7204852	./.	1	2	2	1	2	1
rs3418	1	1	1	./.	./.	./.	1
rs393675	1	./.	1	./.	./.	./.	1
rs62054435	1	1	1	./.	./.	./.	1
rs75715199	1	./.	1	./.	./.	./.	1
rs62054436	1	1	1	./.	./.	./.	1
rs62054437	1	1	1	./.	./.	./.	1
rs62054438	1	1	1	./.	./.	./.	1
rs62054439	1	1	1	./.	./.	./.	1
rs56398500	1	./.	1	./.	./.	./.	1
rs62056782	1	1	1	./.	./.	./.	1
rs80346216	1	1	1	./.	./.	./.	1
rs76632685	1	1	1	./.	./.	./.	1
rs62056783	1	./.	1	./.	./.	./.	1
rs7502639	2	1	1	1	1	2	1
rs7502672	2	1	1	1	1	2	1
rs75364577	./.	./.	./.	./.	./.	./.	./.
rs144928319	./.	./.	./.	./.	./.	./.	./.
rs12974664	./.	2	2	./.	2	2	1
rs16979372	./.	./.	./.	./.	./.	./.	./.
rs186719419	./.	./.	./.	./.	./.	./.	./.
rs2927488	1	./.	./.	./.	./.	./.	./.
rs57891859	./.	./.	./.	./.	./.	1	2
rs11715554	2	1	./.	./.	2	./.	2
rs4678915	1	1	./.	1	2	./.	2
rs11717383	1	./.	1	1	./.	2	1
rs62375386	1	./.	./.	./.	./.	./.	./.
rs62375387	1	./.	./.	./.	./.	./.	./.
rs34661691	./.	./.	./.	1	./.	./.	1
rs200489	./.	./.	./.	1	./.	./.	1
rs17425622	./.	1	1	./.	./.	2	./.
rs34256128	1	2	1	1	./.	./.	./.
rs2708632	./.	2	1	1	2	1	1
rs301795	1	./.	1	1	./.	1	1
rs917294	2	2	1	2	2	./.	2
rs11210223	./.	1	1	1	2	1	2
rs11210224	./.	1	1	1	2	1	2
rs11210225	./.	1	1	1	2	1	2
rs1923230	./.	1	1	1	2	1	2
rs4926408	./.	./.	1	./.	./.	./.	./.
rs756208	1	2	./.	2	1	2	2
rs1902660	2	2	./.	2	2	2	2
rs7907645	1	./.	./.	./.	./.	./.	./.
rs7113976	1	1	1	1	2	2	1
rs1940171	./.	./.	./.	1	./.	./.	./.
rs11223661	./.	./.	1	./.	./.	./.	./.
rs12590744	./.	1	./.	./.	1	./.	./.
rs35026580	./.	1	./.	1	./.	./.	1
rs34026011	./.	1	./.	1	./.	./.	1
rs3212076	./.	1	./.	1	./.	./.	1
rs8005225	./.	1	1	1	1	./.	1
rs62012880	1	./.	1	1	./.	2	1
rs11631921	1	./.	1	./.	./.	./.	2
rs4527039	1	1	1	./.	1	2	2
rs2965180	2	1	1	2	1	2	2
rs75055104	./.	./.	./.	./.	./.	./.	./.
rs2965162	./.	./.	./.	1	./.	./.	./.
rs11881756	./.	1	./.	1	./.	./.	./.
rs8100239	1	1	./.	./.	./.	./.	2
rs10401176	./.	1	./.	./.	./.	./.	2
rs574578352	./.	./.	./.	./.	./.	./.	./.
rs71352236	./.	./.	./.	./.	./.	./.	./.
rs187183066	./.	./.	./.	./.	./.	./.	./.
rs11083766	./.	2	1	1	1	./.	1
rs12987123	./.	./.	./.	./.	./.	./.	1
rs28751960	./.	./.	./.	./.	./.	1	./.
rs6014720	1	1	./.	./.	./.	1	1
rs2092168	1	1	1	./.	./.	2	2
rs352162	2	./.	1	1	./.	2	1
rs56223707	./.	./.	1	./.	1	1	./.
rs6818319	./.	./.	./.	1	./.	1	./.
rs10003708	./.	./.	./.	1	./.	1	./.
rs356222	1	1	1	1	2	2	1
rs168552	1	1	1	1	2	2	1
rs11945223	./.	./.	./.	1	./.	1	./.
rs356163	1	1	1	1	2	1	1
rs2583967	1	1	./.	./.	./.	1	1
rs2619342	1	1	./.	1	./.	1	1
rs34238791	./.	./.	./.	1	./.	1	./.
rs2619343	1	1	./.	1	./.	1	1
rs2619344	1	1	1	1	./.	1	1
rs2619345	1	1	./.	1	./.	1	1
rs4699963	1	./.	./.	./.	./.	./.	./.
rs9468350	./.	./.	./.	1	./.	1	1
rs217326	2	./.	1	./.	./.	2	1
rs652797	./.	1	./.	./.	./.	./.	./.
rs7792631	1	2	./.	1	./.	1	1
rs73048919	1	1	1	1	./.	1	1
rs2237306	./.	./.	./.	1	1	1	./.
rs12705067	1	2	1	1	./.	./.	./.
rs12705308	./.	./.	1	./.	1	1	2
rs11766326	1	1	1	2	./.	1	1
rs28630503	./.	./.	1	1	1	./.	./.
rs2322599	1	./.	1	./.	./.	./.	./.
rs55986679	1	./.	./.	1	./.	./.	1
rs35715471	./.	./.	1	1	1	1	./.
rs10504857	./.	./.	1	1	1	1	./.
rs7828173	./.	1	1	./.	1	2	1
rs7465677	./.	1	1	./.	1	2	1
rs10092090	./.	1	1	./.	1	1	1
rs4366191	./.	./.	1	./.	1	2	2
rs4633164	./.	1	1	./.	1	2	2
rs7086627	2	2	./.	2	1	2	2
rs10207628	./.	./.	1	./.	1	./.	./.
rs10207708	./.	./.	1	./.	1	./.	./.
rs11694264	1	1	./.	./.	./.	1	./.
rs896855	1	./.	./.	1	1	2	1
rs35675744	2	./.	1	2	./.	./.	1
rs191805311	./.	./.	./.	./.	./.	./.	1
rs927174	1	2	./.	1	./.	./.	1
rs17515931	1	./.	./.	1	./.	./.	1
rs301798	1	./.	1	1	./.	1	1
rs3791136	./.	./.	1	2	1	./.	./.
rs3791137	1	1	2	2	2	./.	2
rs3791138	1	1	2	2	2	./.	2
rs12083110	./.	./.	1	2	1	./.	./.
rs61787826	./.	./.	1	1	./.	./.	1
rs6689552	2	2	1	1	2	2	1
rs6692580	2	2	1	1	2	2	1
rs4506495	./.	./.	1	1	./.	./.	./.
rs11589922	./.	./.	1	./.	./.	./.	./.
rs72694959	./.	./.	1	./.	./.	./.	./.
rs4926412	./.	./.	1	./.	./.	./.	./.
rs72694964	./.	./.	1	./.	./.	./.	./.
rs72694965	./.	./.	1	./.	./.	./.	./.
rs11265557	1	./.	1	1	./.	./.	./.
rs11585858	1	./.	1	1	./.	./.	./.
rs2070902	1	1	1	./.	./.	1	./.
rs1462682772	./.	./.	./.	./.	./.	./.	./.
rs77892763	./.	1	1	./.	./.	1	2
rs10994096	1	1	./.	./.	1	2	./.
rs10761426	1	./.	2	1	1	./.	2
rs7096909	2	2	./.	2	2	2	2
rs284862	./.	1	1	1	1	1	1
rs10786713	2	./.	1	./.	1	1	1
rs11191515	1	./.	1	./.	./.	1	./.
rs10883824	2	1	1	./.	1	1	2
rs7077291	2	1	1	./.	1	1	2
rs77420391	1	./.	1	./.	./.	1	./.
rs2067482	1	./.	./.	1	./.	1	./.
rs11039159	1	./.	1	1	1	./.	1
rs10838705	./.	./.	1	./.	2	./.	1
rs55661415	./.	./.	./.	./.	./.	./.	./.
rs1820430	1	./.	./.	./.	2	./.	2
rs718376	1	./.	./.	./.	2	1	1
rs636317	1	2	2	2	./.	1	1
rs636341	1	2	2	2	./.	1	1
rs7103808	1	2	2	1	./.	1	./.
rs61900467	1	./.	./.	./.	2	1	1
rs2868118	1	2	2	1	./.	1	./.
rs2868119	1	2	2	1	./.	1	./.
rs2868120	1	2	2	1	./.	1	./.
rs2868121	1	2	2	1	./.	1	./.
rs10897049	1	2	2	1	./.	1	./.
rs4477457	1	2	2	1	./.	1	./.
rs10792265	1	2	2	1	./.	1	./.
rs174566	./.	1	./.	./.	2	1	1
rs2508696	1	./.	1	1	1	1	1
rs602222	1	1	1	1	1	1	1
rs66494408	./.	1	1	1	./.	1	./.
rs598726	1	1	1	1	1	2	1
rs474479	1	1	1	1	1	2	1
rs10898436	./.	./.	./.	./.	1	./.	1
rs10898437	./.	./.	./.	./.	1	./.	1
rs10792832	1	1	1	1	2	2	1
rs142319448	./.	./.	./.	./.	./.	./.	./.
rs2282647	./.	./.	./.	./.	./.	./.	./.
rs770083	2	1	1	2	1	1	1
rs770082	2	1	1	2	1	1	1
rs61953412	2	2	1	1	2	1	2
rs3993878	1	2	2	1	1	1	2
rs10129711	1	2	2	1	1	1	2
rs10129728	1	2	2	1	1	1	2
rs10130041	1	2	2	1	1	1	2
rs4900124	1	2	2	1	1	1	2
rs4904922	1	2	2	1	1	1	2
rs4904923	1	2	2	1	1	1	2
rs10130373	1	2	2	1	1	1	2
rs11623883	./.	1	1	./.	./.	1	1
rs12888354	./.	1	1	./.	./.	1	1
rs650366	./.	./.	1	./.	1	2	2
rs11853804	1	./.	1	1	./.	1	1
rs11630563	./.	./.	1	./.	./.	./.	2
rs62021226	1	./.	1	./.	./.	./.	2
rs3748376	1	./.	1	./.	./.	./.	2
rs11901	./.	1	1	./.	1	2	2
rs4788219	./.	1	2	2	1	2	1
rs4788220	./.	1	2	2	1	2	1
rs9939286	./.	1	1	2	1	1	./.
rs12446759	1	2	1	2	1	./.	./.
rs12446781	1	2	1	2	1	./.	./.
rs4407053	1	2	1	2	1	./.	./.
rs4544235	1	2	1	2	1	./.	./.
rs62052678	./.	1	./.	./.	./.	./.	./.
rs56407236	./.	1	./.	./.	./.	./.	./.
rs34716007	./.	1	1	./.	./.	./.	./.
rs78534596	./.	1	1	./.	./.	./.	./.
rs75511804	./.	1	1	./.	1	./.	./.
rs2157990	./.	./.	1	2	1	./.	./.
rs6502633	1	./.	2	1	./.	2	./.
rs7222349	./.	1	./.	./.	./.	1	2
rs62064603	1	1	./.	./.	./.	./.	1
rs73984391	1	1	./.	./.	./.	./.	1
rs62064637	1	1	./.	./.	./.	./.	1
rs35389313	1	1	./.	./.	./.	./.	1
rs35327136	1	1	./.	./.	./.	./.	1
rs8071011	1	1	./.	./.	./.	./.	1
rs34063617	1	1	./.	./.	./.	./.	1
rs62064651	1	1	./.	./.	./.	./.	1
rs76344126	1	1	./.	./.	./.	./.	1
rs34465449	1	1	./.	./.	./.	./.	1
rs12946900	1	1	./.	./.	./.	./.	1
rs56168933	1	1	./.	./.	./.	./.	1
rs55790407	1	1	./.	./.	./.	./.	1
rs62055935	1	1	1	./.	./.	./.	1
rs62055936	1	1	1	./.	./.	./.	1
rs62055937	1	1	1	./.	./.	./.	1
rs117365970	1	1	1	./.	./.	./.	1
rs117646503	1	1	1	./.	./.	./.	1
rs17762769	1	1	1	./.	./.	./.	1
rs62055492	1	./.	1	./.	./.	./.	1
rs2055794	1	1	1	./.	./.	./.	1
rs62062289	1	1	1	./.	./.	./.	1
rs17652748	1	1	1	./.	./.	./.	1
rs75010486	1	1	1	./.	./.	./.	1
rs16940806	1	1	1	./.	./.	./.	1
rs2532314	1	1	1	./.	./.	./.	1
rs2696599	1	1	1	./.	./.	./.	1
rs2532313	1	1	1	./.	./.	./.	1
rs17585214	1	1	1	./.	./.	./.	1
rs1528074	1	1	1	./.	./.	./.	1
rs2532235	1	1	1	./.	./.	./.	1
rs2532234	1	1	1	./.	./.	./.	1
rs2668692	1	1	1	./.	./.	./.	1
rs2696609	./.	1	1	./.	./.	./.	./.
rs4280313	2	1	1	./.	1	2	1
rs8104660	./.	./.	./.	./.	./.	./.	./.
rs557948510	./.	./.	./.	./.	./.	./.	./.
rs4802235	1	./.	./.	1	1	./.	./.
rs71994669	./.	1	./.	./.	./.	./.	./.
rs2965103	1	./.	./.	./.	./.	./.	./.
rs2965102	1	./.	./.	./.	./.	./.	./.
rs56978169	1	./.	./.	./.	./.	./.	./.
rs77775146	1	./.	./.	./.	./.	./.	./.
rs17728272	1	./.	./.	./.	./.	./.	./.
rs200046586	./.	./.	./.	./.	./.	./.	./.
rs1531517	./.	./.	./.	./.	./.	./.	./.
rs189358492	./.	./.	./.	./.	./.	./.	./.
rs11668738	2	2	1	./.	2	2	2
rs41289510	./.	./.	./.	./.	./.	./.	./.
rs439382	./.	./.	./.	./.	./.	./.	./.
rs769446	./.	1	1	./.	./.	./.	./.
rs157598	./.	./.	./.	./.	./.	./.	./.
rs10424663	./.	./.	./.	./.	./.	./.	./.
rs5157	2	1	1	1	1	2	2
rs12721109	./.	./.	./.	./.	./.	./.	./.
rs2288912	2	1	1	1	1	2	2
rs9304644	2	1	1	1	1	2	2
rs4803774	2	1	1	1	1	2	2
rs4803775	2	1	1	1	1	2	2
rs563496704	./.	./.	./.	./.	./.	./.	./.
rs204468	1	2	1	1	1	1	./.
rs148884121	./.	./.	./.	./.	./.	./.	./.
rs149625707	./.	./.	./.	./.	1	./.	./.
rs76856627	./.	./.	./.	./.	./.	./.	./.
rs1560725	1	./.	2	1	1	./.	./.
rs1968449	./.	./.	2	1	1	./.	./.
rs553008235	./.	./.	./.	./.	./.	./.	./.
rs78073763	./.	2	1	./.	./.	./.	./.
rs8109764	./.	./.	./.	./.	./.	1	./.
rs117252809	./.	./.	./.	./.	./.	./.	./.
rs2314398	2	2	./.	./.	1	./.	./.
rs4662702	1	./.	./.	./.	./.	1	./.
rs56405130	1	1	./.	./.	./.	1	./.
rs4494685	1	2	1	2	2	2	2
rs12994284	./.	./.	./.	1	1	./.	./.
rs13025717	./.	1	./.	2	1	1	1
rs13025765	./.	1	./.	2	1	1	1
rs12618593	./.	1	./.	2	1	1	1
rs12617835	./.	1	./.	2	1	1	1
rs113112754	./.	./.	./.	./.	./.	./.	./.
rs4663104	1	1	./.	./.	./.	1	./.
rs34779859	1	2	./.	1	./.	1	1
rs6733839	1	2	./.	1	./.	2	1
rs72838287	1	1	./.	./.	./.	1	./.
rs72838288	1	1	./.	./.	./.	1	./.
rs744373	1	1	./.	./.	./.	2	./.
rs893434	1	1	./.	./.	./.	1	./.
rs893433	1	1	./.	./.	./.	1	./.
rs893432	1	1	./.	./.	./.	2	./.
rs6430538	./.	./.	1	./.	1	2	2
rs7599054	./.	./.	1	./.	1	2	./.
rs2043016	./.	1	1	./.	./.	2	1
rs1346649	./.	1	1	./.	./.	2	1
rs2195508	./.	1	1	./.	./.	2	1
rs7582736	./.	1	1	./.	./.	1	1
rs2565165	2	1	1	2	2	./.	1
rs788007	2	1	1	2	2	./.	1
rs2564372	./.	1	./.	1	2	./.	1
rs3849362	./.	1	./.	1	2	./.	1
rs281759	1	2	1	2	2	2	1
rs281760	1	2	1	2	2	2	1
rs7586284	1	2	1	2	2	2	1
rs7586320	1	2	1	2	2	2	1
rs35200468	1	./.	1	./.	./.	./.	1
rs6704763	2	1	1	./.	2	1	1
rs6704768	2	1	1	./.	1	1	./.
rs1078323	./.	1	1	2	./.	./.	1
rs4973564	./.	1	1	2	./.	1	1
rs10171658	1	./.	./.	./.	./.	./.	./.
rs10933431	1	2	2	2	2	1	2
rs10933432	2	2	2	2	2	1	2
rs13013293	1	2	1	2	2	1	1
rs7605743	1	2	2	2	2	1	1
rs146523041	1	./.	./.	./.	./.	1	1
rs140803184	1	./.	./.	./.	./.	1	1
rs718022	1	1	./.	./.	./.	./.	1
rs1883123	1	2	2	2	2	./.	./.
rs9611474	1	./.	./.	1	./.	2	1
rs12157997	1	./.	./.	1	./.	./.	1
rs20551	1	./.	./.	1	./.	1	1
rs5758660	1	1	1	./.	2	./.	1
rs11130319	1	./.	1	1	./.	1	1
rs10780035	1	./.	1	1	./.	1	1
rs4488803	1	2	./.	./.	1	./.	./.
rs570621	./.	1	2	2	./.	2	1
rs62291394	./.	1	./.	1	./.	./.	./.
rs9290750	1	./.	./.	1	./.	2	./.
rs4859267	1	2	1	1	2	./.	1
rs62297086	./.	1	./.	./.	1	./.	./.
rs7684318	./.	./.	./.	1	./.	1	./.
rs74602602	./.	./.	./.	1	./.	./.	./.
rs74664209	./.	./.	1	1	./.	./.	./.
rs79994234	./.	./.	1	1	./.	./.	./.
rs113471851	./.	./.	1	1	./.	./.	./.
rs113863514	./.	./.	1	1	./.	./.	./.
rs112334424	./.	./.	1	1	./.	./.	./.
rs74739978	./.	./.	1	1	./.	./.	./.
rs34635	./.	1	1	1	./.	1	1
rs34634	2	1	./.	1	2	1	1
rs4391122	./.	1	2	./.	./.	1	1
rs6890684	./.	1	2	./.	./.	1	1
rs61367113	1	./.	./.	./.	./.	./.	./.
rs58233521	./.	./.	./.	./.	./.	./.	./.
rs111274391	./.	./.	./.	1	./.	./.	./.
rs116347724	./.	./.	./.	1	./.	./.	./.
rs114841132	./.	./.	./.	1	./.	./.	./.
rs73388146	./.	./.	./.	./.	./.	./.	./.
rs301400	./.	./.	./.	./.	./.	./.	./.
rs13220488	./.	./.	./.	1	./.	./.	1
rs3047288	./.	./.	./.	1	1	./.	./.
rs28551159	./.	./.	./.	./.	1	./.	./.
rs12214031	./.	./.	./.	1	1	./.	1
rs2076029	./.	./.	./.	1	1	1	1
rs2072804	./.	./.	./.	1	1	./.	1
rs10456045	./.	1	./.	1	1	./.	1
rs16891717	./.	./.	./.	1	1	./.	1
rs6456728	./.	./.	./.	1	1	./.	1
rs9379895	./.	./.	./.	1	1	./.	1
rs34569203	./.	./.	./.	1	./.	./.	1
rs34332556	./.	./.	./.	1	./.	./.	1
rs13202775	./.	./.	./.	1	./.	./.	1
rs13210634	./.	./.	./.	1	./.	./.	1
rs4713148	./.	./.	./.	1	1	./.	1
rs1150711	./.	1	./.	1	1	2	1
rs9368563	./.	./.	./.	1	1	1	1
rs1054372	./.	./.	./.	1	1	2	1
rs3130896	./.	./.	./.	1	./.	./.	1
rs416568	./.	./.	1	2	./.	./.	2
rs448489	./.	./.	./.	2	./.	./.	1
rs1610753	./.	./.	2	1	./.	./.	2
rs9262143	./.	./.	./.	1	./.	./.	./.
rs3131058	./.	./.	./.	1	./.	./.	./.
rs3130781	./.	./.	./.	2	./.	./.	./.
rs3130782	./.	./.	./.	1	./.	1	./.
rs2523599	2	2	2	./.	1	1	1
rs2524086	./.	./.	./.	1	./.	./.	./.
rs1800629	1	1	./.	1	./.	./.	1
rs9270766	./.	1	2	./.	./.	2	./.
rs614348	1	./.	2	./.	./.	2	./.
rs2760994	1	1	1	1	./.	2	1
rs9274461	./.	./.	2	./.	./.	./.	./.
rs9274462	./.	./.	./.	./.	./.	./.	1
rs9274484	./.	./.	2	1	./.	./.	./.
rs9274487	./.	./.	2	1	./.	./.	1
rs9274490	./.	./.	1	1	./.	./.	1
rs9274497	./.	./.	1	1	./.	./.	1
rs9274498	./.	./.	1	1	./.	./.	1
rs9274500	./.	./.	2	1	./.	./.	1
rs9274505	./.	./.	1	1	./.	./.	1
rs9357347	1	1	1	./.	1	1	./.
rs9357546	1	1	./.	./.	2	./.	./.
rs4236271	1	1	./.	1	./.	2	1
rs6974974	./.	1	1	2	2	2	1
rs10239423	./.	1	1	2	2	./.	1
rs858290	1	1	1	./.	2	./.	2
rs858289	1	1	1	./.	2	./.	2
rs858279	1	1	1	./.	2	./.	./.
rs6461703	1	1	1	./.	2	./.	2
rs9648346	./.	./.	1	./.	./.	1	1
rs11764176	1	2	1	1	./.	2	./.
rs6948729	1	2	1	./.	./.	2	./.
rs13230744	1	2	1	1	./.	2	./.
rs35092054	1	./.	1	1	2	./.	2
rs12703526	2	2	2	1	2	./.	1
rs11762262	./.	./.	./.	1	./.	./.	1
rs11769559	./.	./.	./.	./.	1	1	./.
rs62488689	./.	./.	1	./.	./.	./.	1
rs13265352	./.	./.	1	1	./.	./.	./.
rs2055877	1	2	2	1	1	2	2
rs1693568	1	1	1	1	./.	2	./.
rs1693571	1	1	1	1	./.	2	./.
rs11993233	./.	2	1	./.	2	./.	1
rs62522555	./.	2	1	./.	2	./.	1
rs6985603	./.	2	1	./.	2	./.	1
rs6687012	1	./.	./.	2	1	2	1
rs58829390	2	2	./.	./.	1	2	2
rs61769643	./.	./.	1	1	1	./.	./.
rs10890261	1	1	2	2	2	./.	2
rs2274465	./.	./.	1	2	1	./.	./.
rs4660260	1	./.	1	2	2	./.	2
rs4660743	1	./.	1	2	2	./.	2
rs55803885	1	1	1	2	2	./.	2
rs11275853	./.	./.	1	2	1	./.	./.
rs11318191	./.	./.	1	2	1	1	./.
rs7538463	1	1	1	2	2	./.	2
rs3791040	./.	1	1	2	1	./.	./.
rs3838466	./.	1	1	2	1	./.	./.
rs489543	1	./.	1	./.	1	2	./.
rs473368	2	./.	1	./.	1	2	./.
rs56012174	./.	./.	1	./.	./.	./.	1
rs4970719	2	2	1	2	2	2	1
rs9661794	2	2	1	2	2	2	1
rs4423049	2	2	1	1	2	2	1
rs1198588	2	2	1	1	2	2	1
rs72692862	./.	./.	1	./.	./.	./.	./.
rs11584091	./.	./.	1	./.	./.	./.	./.
rs1418549	2	2	1	2	2	2	2
rs3805	./.	./.	1	./.	./.	./.	./.
rs4844590	./.	1	1	./.	1	1	1
rs71635145	./.	./.	2	./.	./.	./.	./.
rs6482437	2	2	2	1	2	2	1
rs10994308	./.	1	1	./.	./.	1	./.
rs2185502	./.	1	1	./.	./.	1	./.
rs10994318	./.	1	1	./.	./.	1	./.
rs3736922	2	1	1	./.	1	1	2
rs17126890	1	./.	./.	./.	1	./.	./.
rs55897175	1	./.	./.	./.	1	./.	./.
rs2481106	1	./.	./.	./.	1	./.	./.
rs12283172	1	./.	./.	1	./.	1	./.
rs75748389	1	./.	./.	1	./.	1	./.
rs11038900	1	./.	./.	1	./.	1	./.
rs12576359	1	./.	./.	1	./.	1	./.
rs10838602	1	./.	./.	1	./.	1	./.
rs6485685	1	./.	./.	1	./.	1	./.
rs2293576	./.	./.	1	./.	2	./.	1
rs7120548	./.	./.	1	./.	2	./.	./.
rs536531	1	./.	./.	./.	2	1	2
rs1813217	1	./.	./.	./.	2	./.	2
rs673141	1	2	2	1	./.	1	./.
rs72924659	1	./.	./.	./.	2	1	1
rs174528	./.	1	./.	./.	2	2	1
rs174530	./.	1	./.	./.	2	2	1
rs174534	./.	1	./.	./.	1	2	1
rs174536	./.	1	./.	./.	2	1	1
rs174592	./.	1	1	./.	2	1	1
rs174593	./.	1	1	./.	2	./.	1
rs489337	2	1	2	2	1	1	2
rs61185009	./.	2	1	./.	1	./.	./.
rs1664193	./.	2	1	./.	1	./.	./.
rs1237230	1	2	2	2	1	2	1
rs556562	1	2	2	2	1	2	1
rs2077815	1	2	2	2	1	2	1
rs592314	1	2	2	2	1	2	1
rs563773	1	1	1	1	./.	1	./.
rs648270	1	2	2	2	1	2	1
rs10687788	1	2	2	2	1	2	1
rs9804630	1	2	2	2	1	2	1
rs613222	1	1	1	1	./.	1	./.
rs10589376	1	1	1	1	./.	1	./.
rs61905902	1	1	1	1	1	2	./.
rs10898438	1	1	1	1	2	2	1
rs12786057	1	1	1	1	1	2	./.
rs3851178	1	1	1	1	2	2	1
rs10898440	1	1	1	1	2	2	1
rs17125548	./.	./.	./.	./.	./.	./.	./.
rs948087	./.	1	1	1	1	./.	./.
rs2000853	./.	./.	1	./.	./.	./.	./.
rs7122746	./.	./.	1	./.	./.	./.	./.
rs7106806	./.	./.	1	./.	./.	./.	./.
rs4936215	./.	./.	1	./.	./.	./.	./.
rs34382810	./.	1	1	1	1	2	./.
rs1051431	2	2	1	1	2	1	2
rs1716172	2	2	1	1	2	1	2
rs1109559	2	2	1	1	2	1	2
rs7974099	2	2	1	1	2	1	2
rs6577031	./.	1	2	2	1	1	2
rs9549699	2	1	./.	./.	1	1	./.
rs12868163	2	1	./.	./.	1	1	./.
rs12868316	2	1	./.	./.	1	1	./.
rs2287251	2	1	./.	./.	1	1	./.
rs2025633	2	1	2	2	1	2	2
rs140542729	./.	1	./.	./.	1	./.	./.
rs61977311	1	./.	./.	1	1	1	./.
rs12590968	./.	./.	./.	1	./.	./.	1
rs7148857	./.	1	./.	1	./.	./.	1
rs8021229	./.	2	./.	1	./.	./.	1
rs3742365	./.	1	1	1	1	./.	1
rs3742366	./.	1	./.	1	./.	./.	1
rs12893055	./.	1	1	1	1	./.	1
rs148639454	./.	./.	1	./.	1	2	2
rs618684	./.	./.	1	./.	1	2	./.
rs4775094	./.	./.	1	./.	1	2	2
rs667282	2	1	./.	./.	./.	2	./.
rs4643294	1	./.	1	./.	./.	./.	2
rs35960805	1	./.	1	./.	./.	./.	2
rs28455634	1	2	./.	1	./.	1	./.
rs9936474	1	1	1	./.	1	1	2
rs11150581	./.	1	1	./.	1	1	1
rs11150599	./.	1	1	1	2	./.	1
rs10782002	./.	1	1	1	2	./.	1
rs1458202	./.	1	1	1	2	./.	1
rs1231206	1	./.	2	./.	1	1	2
rs9893573	1	./.	2	./.	1	1	2
rs441750	1	1	./.	2	./.	1	./.
rs404392	1	1	./.	2	./.	1	./.
rs12949991	1	1	./.	2	./.	1	./.
rs216202	1	1	./.	2	./.	1	./.
rs170044	1	1	./.	2	./.	1	./.
rs76253980	1	1	1	./.	1	./.	./.
rs16954523	./.	1	1	./.	1	./.	./.
rs16954552	./.	1	1	./.	1	./.	./.
rs16954560	./.	1	1	./.	1	./.	./.
rs7224047	1	./.	2	1	./.	2	./.
rs2955385	1	./.	2	1	./.	2	./.
rs189049	2	2	2	2	1	1	1
rs62065374	./.	./.	./.	./.	./.	./.	./.
rs9899111	./.	1	./.	./.	./.	./.	./.
rs62065445	./.	1	./.	./.	./.	./.	./.
rs62055716	1	1	1	./.	./.	./.	1
rs6503443	1	1	1	./.	1	./.	1
rs79172804	1	1	./.	./.	./.	./.	1
rs17426106	1	1	1	./.	./.	./.	1
rs17762882	1	1	1	./.	./.	./.	1
rs17689653	1	1	1	./.	./.	./.	1
rs17762912	1	1	1	./.	./.	./.	1
rs62057147	1	1	1	./.	./.	./.	1
rs17763050	1	1	1	./.	./.	./.	1
rs62057148	1	1	1	./.	./.	./.	1
rs62057149	1	1	1	./.	./.	./.	1
rs62057150	1	1	1	./.	./.	./.	1
rs17689824	1	1	1	./.	./.	./.	1
rs62057153	1	1	1	./.	./.	./.	1
rs62057154	1	1	1	./.	./.	./.	1
rs62057155	1	1	1	./.	./.	./.	1
rs62055469	1	1	1	./.	./.	./.	1
rs62055470	1	1	1	./.	./.	./.	1
rs62055471	1	1	1	./.	./.	./.	1
rs12150516	1	1	1	./.	./.	./.	1
rs62055475	1	1	1	./.	./.	./.	1
rs62056811	1	1	1	./.	./.	./.	1
rs74509629	1	1	1	./.	./.	./.	1
rs62056835	1	1	1	./.	./.	./.	1
rs17564020	1	1	1	./.	./.	./.	1
rs55682376	1	1	1	./.	./.	./.	1
rs62058964	1	./.	1	./.	./.	./.	1
rs62058965	1	1	1	./.	./.	./.	1
rs17564493	1	1	1	./.	./.	./.	1
rs17649918	1	1	1	./.	./.	./.	1
rs17649954	1	1	1	./.	./.	./.	1
rs17564948	1	1	1	./.	./.	./.	1
rs17564983	1	1	1	./.	./.	./.	1
rs62061716	1	1	1	./.	./.	./.	1
rs62061730	1	1	1	./.	./.	./.	1
rs62061733	1	1	1	./.	./.	./.	1
rs62061734	1	1	1	./.	./.	./.	1
rs7210219	1	1	1	./.	./.	./.	1
rs62062776	1	1	1	./.	./.	./.	1
rs62062777	1	1	1	./.	./.	./.	1
rs75839508	1	1	1	./.	./.	./.	1
rs75686108	1	1	1	./.	./.	./.	1
rs79765413	1	1	1	./.	./.	./.	1
rs78834738	1	1	1	./.	./.	./.	1
rs62062784	1	1	1	./.	./.	./.	1
rs62062785	1	1	1	./.	./.	./.	1
rs62062786	1	1	1	./.	./.	./.	1
rs74903707	1	1	1	./.	./.	./.	1
rs77017444	1	1	1	./.	./.	./.	1
rs62062806	1	1	1	./.	./.	./.	1
rs55978005	1	1	1	./.	./.	./.	1
rs77513497	1	1	1	./.	./.	./.	1
rs1271709991	1	1	1	./.	./.	./.	./.
rs1529535	1	1	1	./.	./.	./.	./.
rs17573447	1	1	1	./.	./.	./.	1
rs62064662	1	1	1	./.	./.	./.	1
rs12150515	1	1	1	./.	./.	./.	1
rs62062266	1	1	1	./.	./.	./.	1
rs17573858	1	1	1	./.	./.	./.	1
rs62062267	1	1	1	./.	./.	./.	1
rs62062268	1	1	1	./.	./.	./.	1
rs62062269	1	1	1	./.	./.	./.	1
rs62062270	1	1	1	./.	./.	./.	1
rs41374248	1	1	1	./.	./.	./.	1
rs79252344	1	1	1	./.	./.	./.	1
rs17575423	1	1	1	./.	./.	./.	1
rs62060767	1	1	1	./.	./.	./.	1
rs62060768	1	1	1	./.	./.	./.	1
rs62060769	1	1	1	./.	./.	./.	1
rs2838	1	1	1	./.	./.	./.	1
rs62060798	1	1	1	./.	./.	./.	1
rs62060850	1	1	1	./.	./.	./.	1
rs62060851	1	1	1	./.	./.	./.	1
rs17660488	1	1	1	./.	./.	./.	1
rs62061809	./.	1	1	./.	./.	./.	1
rs62061810	./.	1	1	./.	./.	./.	1
rs62061814	1	1	1	./.	./.	./.	1
rs62061816	1	1	1	./.	./.	./.	1
rs62061817	1	1	1	./.	./.	./.	1
rs62061850	1	1	1	./.	./.	./.	1
rs111880194	1	1	1	./.	./.	./.	1
rs10514901	1	1	1	./.	./.	./.	1
rs17577496	1	1	1	./.	./.	./.	1
rs62061851	1	1	1	./.	./.	./.	1
rs1468241	1	1	1	./.	./.	./.	1
rs1468240	1	1	1	./.	./.	./.	1
rs1918796	1	1	1	./.	./.	./.	1
rs2696566	1	1	1	./.	./.	./.	1
rs2668662	1	1	1	./.	./.	./.	1
rs2532328	./.	1	1	./.	./.	./.	./.
rs2696544	./.	1	1	./.	./.	./.	./.
rs2732708	1	1	1	./.	./.	./.	./.
rs2696543	1	1	1	./.	./.	./.	1
rs2668618	./.	1	1	./.	./.	./.	./.
rs2696541	./.	1	1	./.	./.	./.	./.
rs2732705	./.	1	1	./.	./.	./.	1
rs2668622	./.	1	1	./.	./.	./.	./.
rs75037433	./.	./.	./.	./.	./.	./.	./.
rs17594526	./.	./.	./.	./.	./.	./.	./.
rs78322266	./.	./.	./.	./.	./.	./.	./.
rs17594665	./.	./.	./.	./.	./.	./.	./.
rs17594721	./.	./.	./.	./.	./.	./.	./.
rs17510124	./.	./.	./.	./.	./.	./.	./.
rs73492977	./.	./.	./.	./.	./.	./.	./.
rs8089309	./.	./.	./.	./.	./.	./.	./.
rs17513240	./.	./.	./.	./.	1	1	./.
rs12963873	./.	./.	./.	./.	1	1	./.
rs8098032	./.	./.	./.	./.	1	1	./.
rs12455881	./.	./.	./.	./.	1	1	./.
rs784255	1	2	1	./.	./.	1	1
rs72936313	./.	1	./.	./.	1	./.	./.
rs147232866	./.	1	./.	./.	1	./.	./.
rs2965188	./.	1	1	./.	1	./.	./.
rs145729706	./.	./.	./.	1	./.	./.	./.
rs191226949	./.	./.	./.	./.	./.	./.	./.
rs73558194	./.	./.	./.	./.	1	./.	1
rs11669173	./.	1	1	./.	1	./.	./.
rs112481437	./.	./.	./.	./.	./.	./.	./.
rs562497749	./.	./.	1	./.	./.	./.	./.
rs10413253	1	./.	./.	./.	1	1	./.
rs77134954	./.	./.	./.	./.	./.	./.	./.
rs34450379	./.	./.	1	./.	1	./.	./.
rs2683634	2	1	1	1	1	1	1
rs908730	2	1	1	1	1	1	1
rs76414720	./.	1	./.	1	./.	./.	./.
rs77696070	./.	1	./.	1	./.	./.	./.
rs3754619	1	./.	./.	./.	./.	1	./.
rs3754617	1	./.	./.	./.	./.	1	./.
rs2276582	1	./.	1	./.	1	2	1
rs2276579	1	./.	./.	./.	./.	1	./.
rs74895054	./.	1	./.	1	./.	./.	./.
rs79500266	./.	1	./.	1	./.	./.	./.
rs79706084	1	./.	./.	./.	./.	1	./.
rs934826	./.	1	1	1	1	1	./.
rs75836995	./.	1	1	1	1	./.	1
rs3754609	1	./.	./.	./.	./.	1	./.
rs4663095	1	1	./.	./.	./.	2	./.
rs28434131	./.	./.	./.	1	1	./.	./.
rs34854727	./.	./.	./.	1	1	./.	./.
rs34555108	./.	./.	./.	1	1	./.	./.
rs4663098	1	2	1	2	2	2	2
rs7557280	./.	./.	./.	1	1	./.	./.
rs7559175	1	2	1	2	2	2	1
rs57724183	1	1	./.	./.	./.	1	./.
rs17183814	./.	./.	./.	./.	1	./.	./.
rs805497	2	1	1	2	2	1	1
rs2564389	2	1	1	2	2	1	1
rs2565160	2	1	1	2	2	1	1
rs2244271	2	1	1	2	2	1	1
rs1455653	2	1	1	2	2	1	1
rs34139878	2	1	1	2	2	./.	1
rs13382697	2	1	1	2	2	./.	1
rs1347551	1	1	1	./.	2	1	1
rs17480230	./.	./.	1	2	1	1	1
rs6710294	2	1	1	./.	2	1	1
rs10205801	2	1	1	./.	1	1	./.
rs36164374	1	2	2	2	2	1	1
rs36177526	1	2	2	2	2	1	1
rs36133610	1	./.	./.	./.	./.	1	1
rs74222529	1	./.	./.	./.	./.	1	1
rs67498812	1	2	2	2	2	1	1
rs7577360	1	2	2	2	2	1	1
rs7581787	1	2	2	2	2	1	1
rs62192877	2	2	2	2	2	1	2
rs2236178	1	1	1	1	2	./.	2
rs141054974	1	1	./.	./.	./.	1	./.
rs6047401	1	1	2	2	2	1	2
rs6101301	2	./.	1	1	2	1	./.
rs6129108	1	./.	1	1	2	1	./.
rs6124087	1	./.	1	1	2	1	./.
rs6101326	1	1	1	1	2	./.	1
rs4812319	1	./.	1	1	2	1	./.
rs4812321	1	./.	1	1	2	1	./.
rs4812322	1	./.	1	1	2	1	./.
rs13041216	./.	./.	./.	1	./.	./.	1
rs6065777	./.	./.	./.	1	./.	./.	1
rs6065778	./.	./.	./.	1	./.	./.	1
rs237476	./.	./.	./.	./.	1	1	./.
rs2830072	2	2	1	1	2	./.	1
rs2830077	2	2	1	1	2	./.	1
rs132582	1	2	1	2	2	./.	2
rs17194490	./.	./.	./.	./.	./.	./.	./.
rs9867455	2	1	./.	./.	2	2	2
rs1961958	1	./.	1	1	./.	1	1
rs4687633	1	./.	1	1	./.	./.	1
rs3755806	1	./.	1	1	./.	1	1
rs11177	1	./.	1	1	./.	1	1
rs4687644	1	./.	1	1	./.	1	1
rs9810807	2	2	2	1	2	2	1
rs2581816	./.	./.	./.	./.	./.	./.	1
rs2246556	2	2	2	2	2	2	1
rs11713763	1	./.	./.	./.	./.	./.	1
rs9859769	./.	./.	./.	1	./.	./.	./.
rs16832165	./.	1	./.	1	./.	./.	./.
rs34161981	./.	1	./.	1	./.	./.	./.
rs1805572	./.	1	./.	1	./.	./.	./.
rs1805589	./.	1	./.	1	./.	./.	./.
rs13093137	./.	1	./.	1	./.	./.	./.
rs13097727	./.	1	./.	1	./.	./.	./.
rs741503	./.	1	./.	./.	./.	./.	./.
rs6763935	./.	1	./.	1	./.	./.	./.
rs9858038	1	./.	./.	1	./.	2	./.
rs2270968	1	2	1	1	2	./.	1
rs9877289	1	./.	./.	1	./.	2	./.
rs7684266	./.	./.	1	./.	1	1	./.
rs12651368	1	./.	./.	./.	./.	./.	./.
rs3775122	1	./.	./.	./.	./.	./.	./.
rs3775114	1	1	./.	./.	1	./.	1
rs356176	1	1	1	1	2	2	1
rs356175	1	1	1	1	2	2	1
rs356174	1	1	1	1	2	2	1
rs28578903	./.	./.	./.	1	./.	./.	./.
rs17016071	./.	./.	./.	1	./.	1	./.
rs3899608	./.	./.	./.	1	./.	1	./.
rs356189	1	1	1	1	2	1	1
rs2737024	1	1	./.	1	./.	1	1
rs2583959	1	1	./.	1	./.	1	1
rs17016188	./.	./.	./.	1	./.	1	./.
rs2737023	1	1	./.	1	./.	1	1
rs2737022	1	1	./.	1	./.	1	1
rs2737006	1	1	./.	1	./.	1	1
rs78586832	./.	./.	1	1	./.	./.	./.
rs10516850	./.	./.	1	1	./.	./.	./.
rs80120114	1	./.	./.	./.	./.	./.	./.
rs4352559	./.	1	2	./.	./.	1	1
rs10939903	./.	1	2	1	./.	1	1
rs72781724	./.	./.	./.	./.	./.	./.	./.
rs4916723	./.	1	1	./.	./.	1	./.
rs2403304	2	./.	./.	./.	2	2	1
rs2403326	2	./.	./.	1	2	2	1
rs1833514	2	./.	./.	1	2	2	1
rs55752615	1	1	1	./.	1	1	1
rs67296946	./.	./.	./.	1	./.	./.	1
rs13206443	./.	./.	./.	1	./.	./.	1
rs13197334	./.	./.	./.	1	./.	./.	1
rs13200797	./.	./.	./.	1	./.	./.	1
rs4712987	./.	./.	./.	1	1	1	1
rs6456727	./.	./.	./.	1	1	./.	1
rs67777156	./.	./.	./.	1	./.	./.	1
rs9295702	./.	./.	./.	1	1	./.	1
rs10456343	2	2	1	./.	1	2	./.
rs12206878	2	1	1	./.	2	1	./.
rs12206880	2	2	1	./.	2	1	./.
rs9393783	./.	./.	1	./.	./.	./.	./.
rs71559004	./.	./.	1	./.	./.	./.	./.
rs66841633	./.	./.	./.	1	./.	./.	1
rs67240003	./.	./.	./.	1	./.	./.	1
rs200954	./.	./.	./.	1	./.	./.	1
rs149971	./.	1	./.	1	1	1	2
rs3734573	./.	./.	./.	1	1	./.	1
rs34371502	./.	./.	./.	1	./.	./.	1
rs1778508	2	2	2	1	1	2	1
rs1150726	./.	1	./.	1	1	2	1
rs1052215	2	1	2	1	1	./.	1
rs13196606	./.	./.	./.	1	1	./.	1
rs6907950	./.	./.	./.	1	1	2	1
rs6908137	./.	./.	./.	1	1	2	1
rs3131072	./.	./.	./.	1	./.	./.	1
rs3132672	1	./.	./.	2	1	./.	1
rs3094036	./.	./.	./.	1	./.	./.	./.
rs886422	./.	./.	./.	1	./.	./.	./.
rs3130557	./.	./.	./.	1	./.	./.	./.
rs2524078	./.	./.	./.	./.	./.	./.	./.
rs2596500	./.	./.	./.	1	./.	./.	./.
rs2249935	./.	./.	./.	1	./.	1	./.
rs2395476	./.	2	2	./.	1	./.	1
rs2523587	./.	2	2	./.	1	./.	1
rs1269852	./.	./.	./.	1	./.	./.	1
rs9268480	./.	1	2	./.	./.	./.	./.
rs41287150	1	./.	2	1	./.	./.	1
rs41317102	./.	./.	./.	./.	./.	./.	./.
rs12214883	1	./.	1	./.	1	1	./.
rs9469485	1	./.	1	./.	1	1	1
rs2093396	1	1	1	./.	1	1	./.
rs2093395	1	1	1	./.	1	1	./.
rs9349417	1	1	./.	./.	2	./.	./.
rs9381581	1	1	./.	./.	2	./.	./.
rs7752643	./.	1	1	1	./.	2	./.
rs13208578	1	1	./.	1	2	2	1
rs12204181	1	1	./.	1	2	2	1
rs6952808	1	1	./.	1	./.	2	1
rs6977733	1	1	./.	1	./.	2	1
rs4719436	./.	1	1	./.	./.	1	./.
rs1476887	1	1	1	1	./.	1	1
rs2398705	1	1	1	1	./.	1	1
rs3779000	1	./.	1	2	./.	1	1
rs1006709	./.	1	1	./.	2	./.	2
rs1881200	1	1	1	2	./.	2	./.
rs6955348	./.	./.	./.	./.	./.	./.	./.
rs3823642	1	2	1	1	./.	2	./.
rs3735241	2	2	2	1	2	2	./.
rs1727129	./.	./.	./.	1	./.	./.	2
rs1623264	1	./.	1	1	2	./.	2
rs36019559	./.	./.	1	./.	2	./.	2
rs2005763	./.	./.	1	./.	2	./.	2
rs34857299	./.	1	1	./.	./.	./.	./.
rs7384878	./.	./.	./.	./.	2	./.	1
rs6948885	./.	./.	1	./.	1	1	2
rs11760317	./.	./.	1	./.	1	1	2
rs10808141	./.	./.	1	./.	1	1	2
rs3801285	./.	./.	1	./.	1	1	2
rs41562	./.	./.	1	./.	1	1	2
rs2237613	./.	./.	1	./.	1	1	2
rs917114	2	2	1	2	1	1	./.
rs7789569	./.	2	1	2	./.	1	./.
rs12533389	1	1	1	2	./.	1	1
rs214470	1	1	1	2	./.	1	1
rs37715	1	1	1	2	./.	1	1
rs37716	1	./.	1	2	./.	1	1
rs7804021	1	./.	1	./.	2	1	1
rs37743	1	1	1	./.	2	1	1
rs497417	1	./.	1	1	1	1	./.
rs11779958	./.	./.	1	1	1	./.	./.
rs814424	./.	./.	2	2	./.	2	./.
rs860068	./.	./.	2	2	./.	1	./.
rs2046398	./.	./.	2	2	./.	1	./.
rs200518989	1	./.	./.	./.	1	./.	./.
rs4732729	./.	2	1	./.	./.	./.	./.
rs10808700	1	2	2	1	1	2	2
rs496946	1	./.	1	./.	1	2	./.
rs1938563	2	2	1	1	2	2	2
rs2391902	2	2	1	1	2	2	2
rs2660304	2	2	1	1	2	2	1
rs72694957	./.	./.	1	./.	./.	./.	./.
rs6666604	./.	1	1	./.	1	1	1
rs7923938	./.	./.	./.	1	./.	./.	1
rs7893279	./.	./.	./.	1	./.	./.	1
rs11191337	./.	./.	./.	./.	./.	2	./.
rs7085104	2	./.	1	./.	1	1	1
rs35793824	1	./.	./.	./.	2	./.	2
rs1535	./.	1	./.	./.	2	1	1
rs174572	./.	1	./.	./.	2	./.	1
rs4672	./.	1	1	./.	./.	./.	./.
rs10750025	2	1	2	2	1	2	2
rs1784920	2	2	1	2	2	2	2
rs10774035	./.	1	./.	1	1	./.	./.
rs7957096	2	2	1	1	2	1	2
rs4148862	2	2	1	1	2	1	2
rs1790106	2	2	1	./.	2	1	2
rs876002	./.	1	1	1	1	./.	1
rs55835773	1	1	2	2	1	1	1
rs55835940	1	1	2	2	1	1	1
rs11858666	1	./.	1	1	./.	1	1
rs7183988	./.	./.	./.	2	2	1	./.
rs7177338	./.	./.	./.	2	2	1	./.
rs12150658	1	./.	1	./.	./.	./.	1
rs12150363	1	./.	1	./.	./.	./.	1
rs12150672	1	1	1	./.	./.	./.	1
rs62055932	1	1	1	./.	./.	./.	1
rs62055933	1	1	1	./.	./.	./.	1
rs55991914	1	1	1	./.	./.	./.	1
rs62055955	1	1	1	./.	./.	./.	1
rs62055956	1	1	1	./.	./.	./.	1
rs12938031	1	1	1	./.	1	./.	1
rs62055957	1	1	1	./.	./.	./.	1
rs62057122	1	1	1	./.	./.	./.	1
rs173365	1	1	1	1	1	2	./.
rs62057123	1	1	1	./.	./.	./.	1
rs1876830	1	1	1	./.	./.	./.	1
rs41457044	1	1	1	./.	./.	./.	1
rs1876829	1	1	1	./.	./.	./.	1
rs1876828	1	1	1	./.	./.	./.	1
rs56127111	1	1	1	./.	./.	./.	1
rs242948	1	1	1	1	1	2	./.
rs75104593	1	1	1	./.	./.	./.	1
rs74998289	1	1	1	./.	./.	./.	1
rs55996632	1	1	1	./.	./.	./.	1
rs55886302	1	1	1	./.	./.	./.	1
rs4968651	2	./.	1	./.	1	2	2
rs61576172	./.	1	./.	./.	1	./.	./.
rs2965183	./.	1	1	./.	1	./.	./.
rs117034857	./.	./.	./.	./.	./.	./.	./.
rs2235226	./.	1	1	2	./.	./.	1
rs2830510	./.	./.	./.	./.	1	./.	./.
rs8140771	1	./.	./.	./.	./.	1	./.
rs7638244	./.	1	./.	1	./.	./.	./.
rs57296786	./.	1	./.	1	./.	./.	./.
rs10032423	1	1	1	2	1	1	./.
rs17826816	./.	./.	./.	./.	./.	./.	1
rs35249036	./.	./.	./.	1	./.	./.	1
rs9265990	./.	./.	./.	1	./.	./.	./.
rs9265994	./.	./.	./.	1	./.	./.	./.
rs9265998	./.	./.	./.	1	./.	./.	./.
rs9266001	./.	./.	./.	1	./.	./.	./.
rs147864469	./.	./.	./.	./.	./.	./.	./.
rs9271412	./.	./.	./.	1	./.	./.	1
rs9271417	./.	./.	./.	1	./.	./.	1
rs9271424	./.	./.	./.	1	./.	./.	1
rs9271437	./.	./.	./.	1	./.	./.	1
rs9274617	./.	./.	2	1	./.	./.	1
rs9274619	./.	1	./.	./.	./.	1	./.
rs9274620	./.	./.	2	1	./.	./.	1
rs9274622	./.	./.	2	1	./.	./.	1
rs9274623	./.	./.	1	1	./.	./.	1
rs9274624	./.	./.	2	1	./.	./.	1
rs9274632	./.	1	2	1	./.	./.	1
rs9274645	./.	./.	2	1	./.	./.	1
rs9274652	./.	./.	2	1	./.	./.	1
rs9274653	./.	./.	2	1	./.	./.	1
rs2856698	./.	./.	1	1	./.	./.	1
rs116416291	./.	./.	./.	1	./.	./.	./.
rs9490616	1	1	2	./.	./.	./.	./.
rs4445226	2	2	1	1	2	1	2
rs73207161	./.	./.	1	1	./.	1	./.
rs7000542	./.	./.	2	2	1	1	./.
rs7013693	./.	./.	1	1	1	./.	./.
rs1005964	./.	./.	1	1	1	./.	./.
rs2291635	./.	./.	1	./.	./.	./.	./.
rs301792	1	./.	1	1	./.	1	1
rs301791	1	./.	1	1	./.	1	1
rs6163	2	./.	1	./.	1	1	1
rs6162	2	./.	1	./.	1	1	1
rs743572	2	./.	1	./.	1	1	1
rs10883785	./.	./.	1	./.	1	1	./.
rs1060240	1	./.	1	./.	./.	1	./.
rs17126883	1	./.	./.	./.	1	./.	./.
rs11606683	1	./.	1	1	1	./.	1
rs35044136	1	2	2	2	./.	2	./.
rs1562990	1	2	2	2	./.	1	1
rs11605188	1	2	2	1	./.	1	./.
rs1899571	1	2	2	1	./.	1	./.
rs11605235	1	2	2	1	./.	1	./.
rs10750934	1	2	2	1	./.	1	./.
rs10750935	1	2	2	1	./.	1	./.
rs4506675	1	2	2	1	./.	1	./.
rs531490	2	./.	2	1	1	1	1
rs10792830	1	1	1	1	./.	2	./.
rs1727331	2	2	1	1	2	1	2
rs3212038	./.	1	./.	1	./.	./.	1
rs2983764	1	1	./.	./.	./.	2	./.
rs113028838	./.	./.	./.	1	./.	./.	./.
rs6226	2	2	2	./.	./.	2	2
rs58217768	./.	1	2	2	1	2	2
rs7089	./.	./.	./.	./.	1	1	1
rs8074740	./.	1	./.	./.	./.	1	1
rs4793083	2	./.	2	2	2	1	1
rs62064597	1	./.	./.	./.	./.	./.	1
rs56236914	1	1	./.	./.	./.	./.	1
rs12949256	1	1	./.	./.	./.	./.	1
rs7221390	1	1	1	./.	./.	./.	1
rs34043286	1	1	1	./.	./.	./.	1
rs2532307	1	1	1	./.	./.	./.	1
rs2696590	1	1	1	./.	./.	./.	1
rs62060864	1	1	1	./.	./.	./.	1
rs62060916	1	1	1	./.	./.	./.	1
rs1055086	1	1	1	1	1	2	2
rs57244653	./.	./.	1	./.	./.	./.	./.
rs117716000	./.	./.	1	./.	./.	./.	./.
rs732310	./.	2	2	./.	2	2	1
rs12975656	./.	2	2	./.	2	2	1
rs61062133	./.	./.	./.	./.	1	./.	1
rs204910	./.	./.	./.	./.	./.	./.	./.
rs116949436	./.	./.	./.	./.	./.	./.	./.
rs576651896	./.	./.	./.	./.	./.	./.	1
rs204911	./.	./.	./.	./.	./.	./.	./.
rs59695400	1	./.	1	./.	./.	./.	1
rs3755803	./.	./.	1	./.	./.	./.	1
rs2276823	2	2	1	1	2	2	1
rs74896883	./.	1	./.	1	./.	./.	./.
rs34194714	./.	./.	./.	1	./.	./.	./.
rs3796661	./.	./.	./.	./.	./.	1	./.
rs9468217	./.	./.	./.	1	./.	./.	2
rs2893928	./.	./.	./.	./.	./.	./.	2
rs853694	./.	./.	./.	1	1	./.	1
rs1233600	./.	./.	./.	1	./.	./.	1
rs1233610	./.	./.	./.	1	./.	./.	1
rs1233611	./.	./.	./.	1	./.	./.	1
rs111639056	./.	./.	./.	./.	./.	./.	./.
rs9270475	./.	./.	./.	./.	./.	./.	./.
rs9270487	./.	./.	./.	1	./.	./.	./.
rs9270493	./.	./.	./.	1	./.	./.	1
rs58120505	1	1	1	1	./.	2	1
rs56727870	1	1	1	1	./.	2	1
rs60995052	1	1	1	1	./.	2	1
rs60755037	1	1	1	1	./.	2	1
rs4719443	1	1	1	1	./.	2	1
rs1624451	1	1	1	./.	2	./.	2
rs6471803	1	2	2	1	1	2	2
rs1473594	1	2	2	1	1	2	2
rs61882674	1	./.	./.	1	./.	1	./.
rs4766428	2	./.	./.	2	./.	2	2
rs3741530	2	2	1	1	2	1	2
rs7564698	2	2	2	2	1	2	2
rs67575965	./.	1	1	1	1	./.	1
rs34181358	./.	./.	1	1	./.	./.	./.
rs12462536	./.	./.	./.	./.	./.	./.	./.
rs62118471	./.	1	1	./.	./.	./.	./.
rs12461027	1	./.	./.	1	./.	./.	./.
rs17884001	./.	./.	1	./.	./.	1	./.
rs1151105	1	./.	./.	./.	2	1	2
rs1286162	1	./.	./.	./.	2	1	2
rs28428505	1	./.	1	./.	1	./.	./.
rs4906363	./.	1	./.	1	./.	./.	1
rs8023653	./.	1	1	./.	1	./.	1
rs34672825	1	./.	1	./.	./.	./.	2
rs4420550	1	1	1	./.	1	1	2
rs12443808	./.	1	1	1	2	./.	./.
rs12443627	./.	1	1	1	2	1	./.
rs73976310	./.	./.	1	./.	./.	./.	./.
rs61740308	./.	1	1	./.	./.	./.	./.
rs61745111	./.	1	1	./.	./.	./.	./.
rs2955357	1	2	./.	1	2	./.	2
rs2955358	1	2	./.	1	2	./.	2
rs2955359	1	2	./.	1	2	./.	2
rs55646970	1	1	1	./.	./.	./.	1
rs55673092	1	1	1	./.	./.	./.	1
rs73477256	./.	./.	./.	./.	./.	./.	./.
rs75161053	./.	./.	./.	./.	./.	./.	./.
rs3925162	./.	./.	./.	./.	1	1	1
rs117937198	./.	./.	./.	./.	./.	./.	./.
rs7608661	2	2	2	./.	2	./.	./.
rs6121975	1	2	2	2	1	./.	1
rs2413602	1	./.	./.	./.	./.	1	./.
rs34877519	./.	./.	./.	./.	./.	./.	./.
rs11724804	1	1	./.	1	1	1	1
rs11740474	2	1	1	1	2	./.	./.
rs116978858	./.	./.	./.	./.	./.	./.	./.
rs13235951	./.	./.	./.	./.	./.	./.	./.
rs58404036	./.	2	1	./.	2	./.	1
rs34674752	./.	./.	./.	./.	./.	./.	./.
rs10442696	./.	1	1	./.	1	1	1
rs7535532	./.	1	1	./.	1	1	1
rs11596252	./.	./.	./.	./.	./.	./.	1
rs7923366	./.	2	./.	2	1	2	2
rs10788576	1	1	./.	1	1	2	2
rs2697923	2	2	1	2	1	2	1
rs60474271	2	1	1	2	1	1	1
rs6577034	2	1	./.	./.	1	1	./.
rs6577035	2	1	./.	./.	1	1	./.
rs4906364	./.	1	./.	1	./.	./.	1
rs4906365	./.	1	1	1	1	./.	1
rs6576006	2	1	2	1	2	2	1
rs11649274	./.	1	1	./.	1	2	1
rs10852932	1	1	2	./.	2	1	2
rs11872068	1	1	2	./.	2	1	2
rs11869805	1	1	2	./.	2	1	2
rs6502154	./.	1	2	./.	2	1	2
rs6502155	1	1	2	./.	2	1	2
rs6504163	./.	1	1	1	1	2	2
rs72934570	./.	./.	./.	./.	1	./.	./.
rs144328302	./.	./.	./.	./.	./.	./.	./.
rs547765174	./.	./.	./.	./.	./.	./.	./.
rs432766	./.	./.	1	1	./.	2	1
rs11714565	1	./.	1	1	./.	1	1
rs7625743	1	./.	1	1	./.	1	1
rs6445531	1	./.	1	./.	./.	1	1
rs11130323	1	./.	1	1	./.	1	1
rs11130324	1	./.	1	1	./.	1	1
rs696520	./.	1	2	2	./.	2	1
rs7652884	./.	1	./.	1	./.	./.	./.
rs6448453	1	1	./.	2	1	2	2
rs72776989	2	./.	./.	./.	2	2	1
rs3094049	./.	./.	./.	./.	./.	./.	./.
rs9379871	./.	./.	./.	1	1	./.	1
rs3757138	./.	./.	./.	./.	1	./.	1
rs1985732	./.	./.	./.	1	1	./.	./.
rs10807126	1	./.	1	./.	1	1	1
rs10947436	2	1	2	1	2	2	2
rs10109834	1	1	1	2	2	1	2
rs13281709	1	./.	./.	1	2	2	1
rs13278601	1	./.	./.	1	2	2	1
rs56175694	./.	./.	1	2	1	./.	./.
rs607296	./.	1	1	2	2	./.	2
rs7520053	./.	1	1	2	1	./.	./.
rs61846516	./.	1	1	./.	./.	1	./.
rs35407411	1	2	2	2	1	2	1
rs637304	1	2	2	2	1	2	1
rs478711	./.	1	1	1	./.	1	./.
rs7952506	./.	1	1	1	2	2	./.
rs2238049	1	1	./.	1	2	2	./.
rs1727302	2	2	1	1	2	1	2
rs1051434	2	2	1	1	2	1	2
rs11629431	2	1	2	2	1	2	2
rs7144029	2	1	2	2	1	2	2
rs73304339	./.	1	./.	./.	1	./.	./.
rs17125924	./.	./.	./.	./.	1	./.	./.
rs10129899	2	1	2	1	2	2	./.
rs12932403	1	1	1	./.	1	1	2
rs4800994	./.	./.	./.	./.	1	1	./.
rs112450640	./.	./.	1	./.	./.	./.	./.
rs3208856	./.	./.	1	./.	./.	./.	./.
rs28399665	./.	./.	./.	./.	./.	./.	./.
rs411856	./.	./.	1	1	2	1	./.
rs395683	./.	./.	1	1	2	1	./.
rs71352237	./.	./.	1	1	./.	./.	./.
rs34224078	./.	./.	1	1	./.	./.	./.
rs35879138	./.	./.	1	1	./.	./.	./.
rs10423208	2	1	1	1	1	2	2
rs10402642	2	1	1	1	1	2	2
rs143668237	./.	./.	./.	./.	1	./.	./.
rs112417029	./.	./.	./.	./.	1	./.	1
rs754366	./.	./.	./.	./.	./.	./.	./.
rs10929009	1	2	1	2	2	2	2
rs2390725	2	2	2	2	1	2	2
rs11685253	./.	./.	1	2	1	1	1
rs11685299	./.	./.	1	2	1	1	1
rs9882911	2	1	./.	1	1	./.	1
rs6445358	1	./.	1	1	./.	2	1
rs7636227	1	1	1	1	./.	1	1
rs2688600	./.	1	2	2	./.	2	1
rs2688601	./.	1	2	2	./.	2	1
rs73228043	./.	1	2	2	./.	2	./.
rs11717953	./.	1	./.	1	./.	./.	./.
rs35541731	./.	./.	./.	./.	./.	1	./.
rs34342799	./.	./.	./.	1	./.	./.	./.
rs159538	2	1	./.	1	2	1	1
rs2072803	./.	./.	./.	1	1	./.	1
rs34744382	1	1	./.	./.	2	./.	./.
rs13312316	./.	1	./.	./.	./.	./.	./.
rs871924	1	1	1	1	./.	2	1
rs871925	1	1	1	1	2	./.	1
rs7811662	1	2	1	1	./.	2	./.
rs11767557	./.	./.	./.	1	./.	./.	1
rs75045569	./.	./.	./.	1	./.	./.	1
rs4976977	./.	1	1	./.	1	2	1
rs4976978	./.	1	1	./.	1	2	1
rs4976953	./.	./.	1	./.	1	2	1
rs4976979	./.	1	1	./.	1	2	1
rs10095785	./.	1	1	./.	1	2	2
rs2842198	./.	./.	2	2	1	2	1
rs951740	2	2	./.	./.	1	2	2
rs552638	./.	./.	1	2	1	./.	./.
rs4660740	./.	./.	1	1	1	./.	./.
rs3011217	2	2	1	2	2	./.	2
rs3208509	./.	./.	1	./.	./.	./.	./.
rs12124898	./.	./.	1	./.	./.	./.	./.
rs142094124	./.	./.	./.	./.	./.	./.	./.
rs1870142	2	2	./.	2	1	2	2
rs3934495	1	./.	./.	./.	./.	2	./.
rs7096249	2	./.	1	./.	1	1	1
rs7096169	2	./.	1	./.	1	1	1
rs11191514	1	./.	1	./.	./.	1	./.
rs1926030	2	1	1	./.	1	1	2
rs4917997	2	1	1	./.	1	1	2
rs7067604	1	./.	./.	./.	1	./.	./.
rs3862007	1	2	2	2	1	2	2
rs12574668	1	./.	./.	1	./.	1	./.
rs174573	./.	1	./.	./.	2	./.	1
rs174574	2	1	2	2	./.	1	1
rs174594	2	1	1	2	./.	1	1
rs174600	./.	1	1	./.	1	1	1
rs97384	2	1	2	2	./.	1	1
rs12575685	./.	./.	./.	./.	1	./.	./.
rs4944558	./.	./.	./.	./.	1	./.	1
rs11234568	2	2	1	1	2	2	1
rs60228070	./.	./.	./.	./.	./.	./.	./.
rs146197030	./.	./.	./.	./.	./.	./.	./.
rs10848625	1	./.	./.	1	1	2	1
rs10848626	1	1	./.	1	1	2	1
rs2239030	1	1	./.	1	2	2	./.
rs7299943	./.	./.	1	1	./.	1	./.
rs10772997	2	2	1	1	2	1	2
rs11057207	2	2	1	1	2	1	2
rs1980251	2	2	1	1	2	1	2
rs28577594	2	2	1	1	2	1	2
rs9549715	2	1	./.	./.	1	1	./.
rs9577220	2	1	./.	./.	1	1	./.
rs2236281	./.	./.	./.	1	./.	./.	1
rs34235720	./.	./.	./.	1	./.	./.	1
rs2273175	./.	1	./.	1	./.	./.	1
rs2295146	./.	1	1	1	1	./.	1
rs8548	./.	1	./.	1	./.	./.	1
rs11633450	1	./.	1	./.	./.	./.	2
rs61074241	1	./.	1	./.	./.	./.	2
rs17601029	1	./.	1	1	./.	./.	2
rs11644809	1	1	1	./.	1	1	2
rs7201518	./.	1	2	2	1	2	1
rs422632	1	1	./.	2	./.	1	./.
rs216183	1	1	./.	2	./.	1	./.
rs1864325	1	1	1	./.	./.	./.	1
rs28646281	1	1	1	./.	./.	./.	1
rs62056795	1	1	1	./.	./.	./.	1
rs62056796	1	1	1	./.	./.	./.	1
rs62056807	1	1	1	./.	./.	./.	1
rs1467966	1	1	1	./.	./.	./.	1
rs62056808	1	1	1	./.	./.	./.	1
rs62056809	1	1	1	./.	./.	./.	1
rs62056810	1	1	1	./.	./.	./.	1
rs62063775	1	1	1	./.	./.	./.	1
rs62063776	1	1	1	./.	./.	./.	1
rs117124984	1	1	1	./.	./.	./.	1
rs118087478	1	1	1	./.	./.	./.	1
rs77875796	1	1	1	./.	./.	./.	1
rs17651857	1	1	1	./.	./.	./.	1
rs74759276	1	1	1	./.	./.	./.	1
rs17651887	1	1	1	./.	./.	./.	1
rs78599197	1	1	1	./.	./.	./.	1
rs62063842	1	1	1	./.	./.	./.	1
rs1052587	1	1	1	./.	./.	./.	1
rs1052590	1	1	1	./.	./.	./.	1
rs1491446284	1	1	2	./.	1	1	2
rs1052594	1	1	1	./.	./.	./.	1
rs17574040	1	1	1	./.	./.	./.	1
rs62063673	1	1	1	./.	./.	./.	1
rs111372048	1	1	1	./.	./.	./.	1
rs62060785	1	1	1	./.	./.	./.	1
rs17585608	1	1	1	./.	./.	./.	1
rs784251	1	2	2	./.	./.	2	1
rs118115105	./.	1	./.	./.	1	./.	./.
rs7245983	./.	1	1	./.	1	./.	./.
rs187010311	./.	./.	./.	./.	./.	./.	./.
rs769452	./.	./.	./.	./.	./.	./.	./.
rs114448690	./.	./.	2	./.	./.	./.	./.
rs8106813	./.	./.	2	./.	1	1	./.
rs118060185	./.	./.	./.	./.	1	./.	./.
rs1882752	1	./.	1	1	./.	1	1
rs16979600	./.	./.	./.	./.	1	./.	1
rs204473	2	2	2	2	2	2	2
rs73558200	./.	./.	./.	./.	1	./.	1
rs6715105	2	1	1	2	2	1	1
rs778371	./.	./.	1	2	./.	./.	1
rs2675953	./.	./.	1	2	./.	1	1
rs4973569	./.	./.	1	2	./.	./.	1
rs208814	./.	2	1	./.	2	1	2
rs6062183	1	2	2	2	1	./.	1
rs4925372	1	./.	./.	./.	1	2	1
rs6062198	1	./.	./.	./.	1	2	1
rs9611469	1	./.	./.	1	./.	2	1
rs6002271	1	./.	./.	1	./.	1	1
rs17195098	2	1	./.	1	1	./.	1
rs17807744	2	1	./.	1	1	./.	1
rs33967311	1	./.	1	1	./.	1	1
rs10865977	2	2	2	1	2	2	1
rs4687682	2	2	2	1	2	1	1
rs704373	./.	1	2	2	./.	2	1
rs9825700	2	1	./.	1	2	./.	1
rs1805645	./.	./.	./.	./.	./.	./.	./.
rs73207791	./.	./.	1	./.	1	1	./.
rs62297061	./.	./.	./.	./.	./.	./.	./.
rs11724635	2	1	1	1	./.	1	1
rs4266290	./.	1	./.	./.	1	1	./.
rs4403048	./.	1	./.	./.	1	1	./.
rs4698412	2	1	1	1	./.	1	1
rs4698413	2	1	1	1	./.	1	1
rs4613561	./.	1	./.	./.	1	1	./.
rs4263397	./.	1	./.	./.	1	1	./.
rs10479297	./.	2	2	1	./.	./.	1
rs2744239	./.	./.	./.	./.	./.	./.	./.
rs215011	./.	./.	./.	./.	./.	./.	./.
rs9368445	./.	./.	./.	1	1	./.	1
rs200983	./.	./.	./.	1	./.	./.	./.
rs111340421	1	./.	./.	1	./.	./.	1
rs74821931	./.	./.	./.	1	./.	./.	1
rs112300533	./.	./.	./.	1	./.	./.	1
rs9271300	./.	./.	1	1	2	./.	1
rs4610628	1	1	./.	1	./.	1	1
rs11761270	1	2	1	1	./.	./.	1
rs34269264	1	2	1	1	./.	1	1
rs35582663	1	2	1	1	./.	1	1
rs12666575	1	2	1	1	./.	1	1
rs4719431	1	1	1	1	./.	1	1
rs4719432	1	1	1	1	./.	2	1
rs3778999	1	1	1	2	./.	1	1
rs35146386	./.	./.	./.	./.	./.	./.	./.
rs4730080	./.	./.	1	./.	1	1	2
rs4730082	./.	./.	1	./.	1	1	2
rs3801999	2	2	1	2	1	1	./.
rs2529484	1	2	1	2	./.	1	1
rs2613590	1	2	1	2	./.	1	1
rs16874961	1	./.	./.	1	./.	1	1
rs980796	1	2	2	1	2	1	1
rs73229090	1	./.	./.	./.	./.	./.	1
rs73229093	1	./.	./.	1	./.	./.	1
rs9331931	1	./.	./.	1	./.	./.	1
rs9331930	1	./.	./.	1	./.	./.	1
rs9331908	./.	2	1	./.	./.	./.	./.
rs3019173	1	./.	./.	2	1	2	1
rs2000852	./.	./.	1	./.	./.	./.	./.
rs1790121	2	2	1	1	2	1	2
rs4402589	1	1	1	./.	1	2	2
rs12617117	./.	1	1	./.	./.	1	1
rs2379131	1	2	2	2	1	./.	1
rs2379130	1	2	2	2	1	./.	1
rs7372313	./.	1	2	2	./.	2	./.
rs9295675	./.	./.	./.	1	./.	./.	1
rs17526722	./.	./.	./.	1	./.	./.	1
rs960145	1	./.	./.	1	./.	1	1
rs3823198	1	./.	./.	1	./.	1	1
rs2906646	./.	./.	./.	./.	./.	./.	2
