	H1930001.ann.vcf.gz	H1930002.ann.vcf.gz	H1930004.ann.vcf.gz	NBB9087.ann.vcf.gz	UCI2424.ann.vcf.gz	UCI4723.ann.vcf.gz	UCI5224.ann.vcf.gz
rs4592207	1	2	1	./.	./.	2	./.
rs4648844	1	2	1	2	./.	2	./.
rs6687012	1	2	1	2	./.	2	./.
rs894875	1	1	1	2	1	1	2
rs301790	1	1	1	./.	1	1	./.
rs301789	1	1	1	./.	1	1	./.
rs2842189	2	./.	2	1	./.	2	2
rs951740	2	./.	2	1	./.	2	2
rs2782641	2	./.	2	1	./.	2	2
rs2842188	2	./.	2	1	./.	2	2
rs10890255	1	2	2	2	2	./.	1
rs3838475	1	2	2	2	2	./.	1
rs3791136	./.	2	./.	1	1	./.	./.
rs3791137	1	2	2	1	2	./.	1
rs3791138	1	2	2	1	2	./.	1
rs2270972	./.	2	./.	1	1	./.	./.
rs112984125	./.	./.	./.	1	1	./.	./.
rs917294	2	2	2	1	1	./.	2
rs9425118	./.	1	2	1	1	1	1
rs911493	./.	./.	2	./.	./.	1	1
rs4379706	2	2	1	1	1	2	2
rs9661794	2	2	1	1	1	2	2
rs6677116	2	2	1	1	1	2	2
rs61786696	2	1	2	2	1	2	2
rs61786697	2	1	2	2	1	2	2
rs1782818	2	1	1	1	1	2	2
rs1702291	2	1	1	1	1	2	2
rs11584354	./.	./.	./.	./.	1	./.	./.
rs2027349	./.	./.	./.	./.	1	./.	./.
rs72694957	./.	./.	./.	./.	1	./.	./.
rs3118119	./.	./.	./.	./.	1	./.	./.
rs12726330	./.	./.	./.	./.	./.	./.	./.
rs10797093	1	1	./.	./.	1	./.	./.
rs4575098	1	1	./.	./.	1	./.	./.
rs11585858	1	1	./.	./.	1	./.	./.
rs2070901	1	./.	./.	1	1	1	1
rs3805	./.	./.	./.	./.	1	./.	./.
rs823114	1	./.	1	./.	1	./.	1
rs11682175	1	./.	1	./.	1	1	1
rs77447799	./.	./.	./.	./.	./.	./.	./.
rs878919	2	./.	./.	2	2	./.	2
rs72843885	1	./.	./.	./.	./.	1	./.
rs72843886	1	./.	./.	./.	./.	1	./.
rs4467218	1	./.	./.	1	./.	1	./.
rs78821407	./.	1	./.	1	./.	./.	1
rs934826	./.	1	./.	./.	1	1	1
rs3768858	1	./.	./.	./.	./.	./.	./.
rs11690153	1	./.	./.	./.	1	1	1
rs10194375	1	1	1	./.	./.	1	2
rs11691237	1	./.	./.	1	./.	1	1
rs11694743	1	1	1	1	./.	1	2
rs7583814	./.	1	./.	./.	./.	./.	./.
rs2276574	./.	1	2	./.	./.	./.	1
rs76516995	./.	1	./.	./.	./.	./.	./.
rs78710909	./.	1	./.	./.	./.	./.	./.
rs13032148	./.	2	2	./.	./.	./.	1
rs77260225	1	./.	./.	./.	./.	1	1
rs17183814	./.	./.	./.	./.	./.	./.	./.
rs796364	1	2	1	2	1	2	2
rs281766	1	2	1	2	1	2	2
rs11895190	1	2	1	2	1	2	2
rs3769456	1	./.	1	./.	2	1	1
rs1104764	2	./.	1	2	1	1	1
rs4144797	2	./.	1	2	1	1	1
rs4144795	2	./.	1	2	1	1	1
rs737027	2	./.	1	2	1	1	1
rs62193341	./.	2	./.	./.	./.	./.	./.
rs747462	./.	2	2	1	1	1	./.
rs747463	./.	2	2	1	1	1	1
rs2004202	./.	2	2	1	1	1	1
rs2675959	./.	2	1	./.	1	./.	./.
rs2675960	./.	2	2	./.	1	1	1
rs2944590	./.	2	2	./.	1	1	1
rs186132169	./.	./.	./.	./.	1	1	./.
rs2592120	./.	2	1	./.	1	1	./.
rs2675964	./.	2	1	./.	1	1	./.
rs2675965	./.	2	1	./.	1	1	./.
rs9836101	1	./.	1	./.	1	./.	1
rs4678909	2	1	1	./.	./.	./.	1
rs4234258	2	1	1	./.	./.	./.	1
rs9882911	2	1	1	./.	./.	./.	1
rs9863798	2	./.	1	./.	./.	./.	1
rs610060	1	1	1	1	1	./.	2
rs7629072	1	1	1	1	1	2	./.
rs3774365	1	1	1	./.	1	1	./.
rs12487591	1	1	1	./.	1	1	./.
rs34215106	1	1	1	./.	1	1	./.
rs35249778	1	1	1	./.	1	1	./.
rs10933	1	1	1	1	1	1	2
rs1108842	1	1	1	1	1	1	./.
rs6617	1	1	1	1	1	1	./.
rs11716747	1	1	1	1	1	1	./.
rs998909	1	1	1	1	1	1	./.
rs2535629	1	1	1	./.	1	1	./.
rs2535627	1	1	1	./.	1	1	./.
rs2071042	./.	1	1	./.	1	./.	./.
rs2276823	2	1	1	2	1	2	2
rs6445541	./.	1	1	./.	1	./.	./.
rs4687672	./.	./.	1	./.	1	./.	./.
rs2336558	2	1	1	2	1	2	2
rs12496077	./.	./.	1	./.	1	./.	./.
rs12487379	./.	1	1	./.	./.	./.	./.
rs9825230	./.	1	1	./.	./.	./.	./.
rs9836499	2	1	1	2	2	2	2
rs6795646	2	1	1	2	2	2	2
rs2257216	2	2	1	2	2	2	2
rs4515041	2	2	1	2	2	2	2
rs9845457	2	2	1	./.	2	2	1
rs900818	2	./.	1	2	./.	./.	1
rs34455584	./.	1	./.	./.	./.	./.	1
rs741503	./.	./.	./.	./.	./.	./.	1
rs35815802	./.	1	./.	./.	./.	./.	1
rs1805645	./.	./.	./.	./.	./.	./.	./.
rs74896883	./.	1	./.	./.	./.	./.	1
rs11716918	./.	1	./.	./.	./.	./.	1
rs10804885	./.	1	./.	./.	./.	./.	1
rs13090638	./.	1	./.	./.	./.	./.	1
rs7617548	./.	1	./.	./.	./.	./.	2
rs12633981	./.	./.	./.	./.	./.	./.	./.
rs9858038	1	1	./.	./.	./.	2	./.
rs9290750	1	1	./.	./.	./.	2	./.
rs11733713	1	./.	./.	./.	./.	./.	./.
rs11734537	1	./.	./.	./.	./.	./.	./.
rs62297086	./.	./.	./.	1	./.	./.	1
rs2290402	./.	./.	./.	./.	1	./.	./.
rs34311866	1	./.	./.	./.	1	./.	./.
rs748483	1	./.	./.	./.	./.	./.	./.
rs4690326	1	2	1	2	1	1	1
rs4690197	2	2	1	2	2	1	1
rs3733345	1	2	1	2	1	1	1
rs3733347	2	2	1	2	2	1	1
rs3733349	1	1	1	2	./.	1	1
rs56039006	./.	./.	./.	./.	1	./.	./.
rs11248061	1	./.	1	1	./.	1	1
rs10902762	1	./.	1	1	./.	1	1
rs3822030	2	1	1	1	./.	1	1
rs1465922	2	./.	2	./.	1	1	2
rs10516839	2	1	1	./.	1	./.	1
rs356221	./.	./.	1	./.	1	1	./.
rs356168	./.	./.	1	1	1	1	./.
rs3756054	./.	1	./.	1	./.	1	./.
rs3857059	./.	1	./.	1	./.	1	./.
rs77490515	./.	1	./.	./.	./.	./.	./.
rs2736990	./.	./.	1	1	1	1	./.
rs76604971	./.	1	./.	./.	./.	./.	./.
rs3775427	./.	./.	./.	./.	./.	1	./.
rs3796661	./.	./.	./.	./.	./.	1	./.
rs75699153	./.	1	./.	./.	./.	./.	./.
rs1442145	1	2	2	1	2	2	1
rs2737022	1	1	1	./.	./.	1	1
rs2737021	2	2	2	1	2	2	2
rs1372518	2	2	2	1	2	2	2
rs1372519	2	2	2	1	2	2	2
rs1372520	2	2	2	1	2	2	2
rs2619363	1	1	1	./.	./.	1	1
rs1442138	./.	1	./.	./.	1	./.	./.
rs3797040	1	2	1	1	2	./.	./.
rs17826816	./.	./.	1	./.	./.	./.	./.
rs158922	1	2	1	2	1	2	1
rs2270822	1	./.	./.	./.	./.	./.	./.
rs6890684	./.	./.	1	1	2	1	1
rs72761442	1	1	./.	./.	./.	./.	1
rs349586	2	./.	1	./.	./.	2	./.
rs3756766	2	1	./.	2	1	1	2
rs246770	./.	2	2	2	2	2	./.
rs11740057	2	./.	./.	1	./.	1	2
rs13198474	./.	1	1	./.	./.	./.	./.
rs13214169	./.	1	1	./.	./.	./.	./.
rs3734523	./.	1	1	1	./.	./.	./.
rs72832596	./.	1	1	1	./.	./.	./.
rs41266779	./.	1	1	./.	./.	./.	./.
rs34391493	./.	2	1	1	./.	./.	./.
rs35506517	./.	1	./.	1	./.	./.	./.
rs16891334	./.	1	1	1	./.	./.	./.
rs7749823	./.	1	1	./.	./.	./.	./.
rs13204572	./.	1	1	./.	./.	./.	./.
rs34961555	./.	1	1	./.	./.	./.	./.
rs9467701	./.	1	1	1	./.	./.	./.
rs6923139	./.	1	1	1	./.	./.	./.
rs6903015	./.	1	1	1	./.	./.	./.
rs6908156	./.	1	1	1	./.	./.	./.
rs9467707	./.	1	1	1	./.	./.	./.
rs9467708	./.	1	1	1	./.	./.	./.
rs34107459	./.	1	1	./.	./.	./.	./.
rs6939799	./.	1	1	1	./.	./.	./.
rs6939978	./.	1	1	1	./.	./.	./.
rs10946817	./.	1	1	2	./.	./.	./.
rs9357006	./.	1	1	./.	./.	./.	./.
rs9379855	./.	1	1	./.	./.	./.	./.
rs9393709	./.	1	1	2	./.	./.	./.
rs3734536	./.	1	1	2	./.	./.	./.
rs28362606	./.	1	./.	./.	./.	./.	./.
rs2393667	./.	1	1	./.	./.	./.	./.
rs56296968	./.	1	1	./.	./.	./.	./.
rs3757150	./.	1	1	./.	./.	./.	./.
rs6920256	./.	1	1	./.	./.	./.	./.
rs16901784	./.	1	1	./.	./.	./.	./.
rs36162392	./.	1	1	./.	./.	./.	./.
rs62402024	./.	./.	./.	./.	1	2	2
rs62402025	./.	./.	./.	./.	1	2	2
rs9379952	./.	1	1	./.	1	./.	./.
rs926300	./.	1	1	./.	./.	./.	./.
rs146064119	./.	./.	./.	./.	./.	./.	./.
rs9393790	./.	1	1	./.	1	./.	1
rs35589403	./.	1	1	1	./.	./.	./.
rs3800319	./.	1	1	1	./.	./.	1
rs13220817	./.	2	1	./.	1	1	1
rs4711154	./.	2	1	./.	1	1	1
rs7749305	./.	1	1	./.	./.	./.	./.
rs12529756	./.	2	1	1	1	1	1
rs34105070	./.	1	1	./.	./.	./.	./.
rs4713121	./.	1	2	./.	./.	./.	./.
rs17750747	./.	1	1	./.	./.	./.	./.
rs7759217	./.	1	2	1	./.	./.	./.
rs760587	./.	1	2	./.	./.	./.	./.
rs9468223	./.	1	2	1	./.	./.	./.
rs35037868	./.	1	1	./.	./.	./.	./.
rs200483	./.	1	1	1	./.	./.	./.
rs17751184	./.	1	1	./.	./.	./.	./.
rs200484	./.	1	1	1	./.	./.	./.
rs200485	./.	1	1	1	./.	./.	./.
rs493121	./.	./.	./.	./.	./.	./.	./.
rs401763	./.	./.	./.	1	./.	./.	./.
rs390764	./.	./.	./.	1	./.	./.	./.
rs401754	./.	./.	./.	1	./.	./.	./.
rs200500	./.	./.	./.	./.	./.	./.	./.
rs67101035	./.	1	1	./.	./.	./.	./.
rs71559051	./.	./.	./.	./.	./.	./.	./.
rs35202262	./.	./.	./.	./.	./.	./.	./.
rs35339855	./.	./.	./.	./.	./.	./.	./.
rs425335	./.	./.	./.	./.	./.	./.	./.
rs201004	./.	1	1	./.	./.	./.	./.
rs34706883	./.	1	1	./.	./.	./.	./.
rs13212651	./.	1	1	./.	./.	./.	./.
rs200981	./.	1	1	./.	./.	./.	./.
rs17763089	./.	1	1	./.	./.	./.	./.
rs200948	./.	1	1	./.	./.	./.	./.
rs200949	./.	1	1	./.	./.	./.	./.
rs200973	./.	1	2	./.	./.	./.	./.
rs200966	./.	1	2	./.	./.	./.	./.
rs61742093	./.	1	1	./.	./.	./.	./.
rs9380049	./.	1	1	./.	./.	./.	./.
rs9380050	./.	1	1	./.	./.	./.	./.
rs203878	./.	1	1	2	./.	1	1
rs2281588	./.	1	1	./.	./.	./.	./.
rs17711801	./.	1	1	./.	./.	./.	./.
rs9380056	./.	1	1	./.	./.	./.	./.
rs9380057	./.	1	1	./.	./.	./.	./.
rs9357065	./.	1	1	./.	./.	./.	./.
rs1225618	./.	1	1	2	./.	./.	1
rs34243448	./.	1	1	./.	./.	./.	./.
rs1736895	./.	1	1	2	./.	2	2
rs1531681	2	1	1	./.	2	./.	./.
rs2799077	./.	1	1	./.	./.	./.	./.
rs2799079	./.	1	1	./.	./.	./.	./.
rs11970439	./.	1	1	1	./.	1	./.
rs67340775	./.	1	1	./.	./.	./.	./.
rs213237	./.	1	1	1	./.	2	2
rs1005125	./.	1	1	2	./.	2	./.
rs1005126	./.	1	1	1	./.	./.	./.
rs1005127	./.	1	1	1	./.	2	./.
rs4580862	./.	1	1	1	./.	2	./.
rs4357130	./.	1	1	1	./.	2	./.
rs2531803	./.	1	1	1	./.	2	1
rs13190937	./.	1	1	1	./.	./.	./.
rs2531804	./.	1	1	1	./.	2	./.
rs16894116	./.	1	1	1	./.	./.	./.
rs2213806	./.	2	2	2	./.	2	1
rs141943809	./.	./.	./.	./.	./.	./.	./.
rs3135298	./.	1	1	1	./.	./.	./.
rs3131336	./.	1	1	./.	./.	./.	./.
rs3135316	./.	1	1	./.	./.	./.	./.
rs2230683	./.	1	1	./.	./.	./.	./.
rs3131073	./.	1	1	./.	./.	./.	./.
rs389419	./.	1	1	./.	./.	./.	./.
rs2535238	./.	2	1	2	./.	./.	./.
rs2747421	./.	2	1	2	./.	./.	./.
rs2844792	./.	1	1	./.	./.	./.	./.
rs2157678	./.	1	1	./.	./.	./.	./.
rs3094614	1	2	1	./.	./.	./.	./.
rs3132668	1	2	1	./.	./.	./.	./.
rs3130376	./.	1	./.	1	./.	./.	./.
rs3094060	./.	1	./.	1	./.	./.	./.
rs3130377	./.	1	./.	1	./.	./.	./.
rs3132582	./.	1	./.	1	./.	./.	./.
rs3095327	./.	1	./.	1	./.	./.	./.
rs1264350	./.	1	./.	./.	./.	./.	./.
rs1264349	./.	1	./.	./.	./.	./.	./.
rs1264326	./.	1	./.	./.	./.	./.	./.
rs1264325	./.	1	./.	./.	./.	./.	./.
rs3095151	./.	2	./.	1	./.	./.	1
rs1634714	./.	1	./.	./.	./.	./.	./.
rs3094605	./.	1	./.	./.	./.	./.	./.
rs3132090	./.	1	./.	./.	./.	./.	./.
rs9267488	./.	1	1	./.	./.	./.	./.
rs3131383	./.	1	1	./.	./.	./.	./.
rs1008438	1	1	1	1	1	2	./.
rs1043618	1	1	1	1	1	1	./.
rs605203	2	./.	./.	2	2	2	2
rs9268521	./.	./.	./.	./.	1	./.	1
rs9268522	./.	./.	./.	./.	1	./.	1
rs13207140	./.	./.	./.	./.	./.	./.	./.
rs28732234	./.	./.	./.	./.	./.	./.	./.
rs28732235	./.	./.	./.	./.	./.	./.	./.
rs17209105	./.	./.	./.	./.	./.	./.	./.
rs17209112	./.	./.	./.	./.	./.	./.	./.
rs17209119	./.	./.	./.	./.	./.	./.	./.
rs17209126	./.	./.	./.	./.	./.	./.	./.
rs17202759	./.	./.	./.	./.	./.	./.	./.
rs73726819	./.	./.	./.	2	./.	./.	./.
rs114610112	./.	./.	./.	1	./.	./.	./.
rs34434863	./.	./.	./.	./.	1	2	1
rs9270530	1	1	1	2	./.	./.	./.
rs9270538	1	1	1	2	./.	./.	./.
rs34855541	./.	./.	./.	./.	1	1	1
rs9270541	1	1	1	2	./.	./.	./.
rs535852	1	./.	./.	1	2	2	1
rs535777	./.	1	1	1	./.	./.	./.
rs532965	./.	./.	./.	./.	1	2	1
rs9274484	./.	1	./.	./.	2	./.	./.
rs9274487	./.	1	1	./.	2	./.	./.
rs9274490	./.	1	1	./.	1	./.	./.
rs9274497	./.	1	1	./.	1	./.	./.
rs9274498	./.	1	1	./.	1	./.	./.
rs9274500	./.	1	1	./.	2	./.	./.
rs9274514	./.	1	1	./.	1	./.	./.
rs3891176	./.	1	1	./.	1	./.	./.
rs3189152	./.	1	1	./.	2	./.	./.
rs9274522	./.	1	1	./.	2	./.	./.
rs3891175	./.	1	1	./.	1	./.	./.
rs3891174	./.	./.	1	./.	1	./.	./.
rs9274538	./.	./.	1	./.	2	./.	./.
rs9274632	./.	1	1	./.	2	./.	1
rs9274645	./.	1	1	./.	2	./.	./.
rs9274652	./.	1	1	./.	2	./.	./.
rs9274653	./.	1	1	./.	2	./.	./.
rs2856698	./.	1	1	./.	1	./.	./.
rs9275373	./.	./.	./.	./.	./.	1	1
rs116416291	./.	1	./.	./.	./.	./.	./.
rs11969547	./.	./.	./.	2	./.	./.	./.
rs9461856	1	1	1	./.	2	1	1
rs10947436	2	1	2	1	2	2	1
rs188904277	./.	./.	./.	./.	./.	./.	./.
rs1004173	1	./.	./.	./.	./.	1	1
rs76593596	./.	./.	./.	./.	./.	./.	1
rs1487450	1	2	2	1	./.	2	1
rs12204181	1	1	1	./.	./.	2	1
rs4331993	2	./.	./.	./.	./.	./.	1
rs4719311	./.	./.	./.	./.	./.	2	1
rs34967784	1	1	1	1	1	1	2
rs1113736	1	1	1	./.	1	1	2
rs12666575	1	1	1	./.	1	1	2
rs60432611	1	1	1	1	1	2	1
rs58120505	1	1	1	1	1	2	1
rs56727870	1	1	1	1	1	2	1
rs60995052	1	1	1	1	1	2	1
rs3778964	1	1	1	./.	1	1	1
rs3778965	1	1	1	./.	1	1	1
rs3800913	1	1	1	./.	1	1	1
rs3779000	1	2	1	./.	1	1	./.
rs7795417	./.	./.	./.	1	./.	2	./.
rs113779084	./.	./.	./.	1	./.	2	./.
rs858239	1	./.	2	2	1	./.	1
rs156421	1	./.	2	2	./.	./.	1
rs2721800	./.	1	./.	2	1	./.	./.
rs74504435	./.	./.	./.	./.	./.	./.	./.
rs10267212	1	1	./.	./.	1	./.	2
rs10267231	1	1	./.	./.	1	./.	2
rs1534310	1	1	./.	./.	1	./.	2
rs35991721	1	1	./.	./.	1	./.	2
rs58185311	1	1	./.	./.	1	./.	2
rs10601149	./.	1	2	1	./.	./.	./.
rs1727144	./.	./.	2	2	1	./.	./.
rs866500	./.	1	2	2	1	./.	./.
rs1637007	./.	./.	./.	./.	./.	./.	./.
rs2405442	./.	1	1	2	./.	./.	./.
rs3807475	./.	./.	./.	./.	./.	./.	./.
rs13235951	./.	./.	./.	./.	./.	./.	./.
rs12539172	./.	2	1	2	./.	2	./.
rs2428162	./.	./.	2	./.	1	1	./.
rs3823752	./.	./.	2	./.	1	1	./.
rs3801285	./.	./.	2	./.	1	1	./.
rs2299319	2	2	./.	./.	1	1	2
rs1204056	2	2	./.	2	1	1	2
rs1204058	2	2	./.	2	1	1	2
rs4727621	./.	./.	2	./.	1	1	./.
rs37743	1	./.	1	1	1	1	1
rs2396358	1	2	1	./.	1	1	1
rs13261217	./.	./.	1	./.	1	./.	1
rs2948293	./.	2	./.	1	2	1	1
rs531564	./.	1	./.	1	1	./.	./.
rs497417	1	1	./.	2	1	1	./.
rs9918845	1	1	./.	2	1	1	./.
rs9918846	1	1	./.	2	1	1	./.
rs10098474	2	1	1	1	./.	1	2
rs1994224	./.	2	./.	./.	2	1	./.
rs17151188	./.	2	./.	./.	2	./.	./.
rs11998591	./.	1	./.	./.	2	./.	./.
rs755951	1	./.	1	2	1	./.	1
rs35505579	./.	1	./.	./.	1	./.	./.
rs17057245	./.	1	1	./.	./.	./.	./.
rs7341557	./.	./.	./.	2	1	./.	./.
rs4732728	1	1	1	1	./.	./.	./.
rs73229095	1	1	1	./.	./.	./.	./.
rs17057438	1	1	1	1	./.	./.	./.
rs10101779	1	1	1	./.	./.	./.	./.
rs11777131	1	1	1	./.	./.	./.	./.
rs9331950	1	1	1	./.	./.	./.	./.
rs66969288	1	1	1	./.	./.	./.	./.
rs1532276	1	1	1	1	1	./.	2
rs1532277	1	1	1	2	1	./.	2
rs1532278	1	1	1	2	1	./.	2
rs1320164	1	1	1	./.	./.	2	./.
rs896853	1	1	1	./.	./.	2	./.
rs896852	1	1	1	./.	./.	2	./.
rs2879813	1	1	1	./.	./.	2	./.
rs10097617	1	1	1	./.	./.	2	./.
rs10108430	1	1	1	./.	./.	2	./.
rs7003387	1	1	1	./.	./.	2	./.
rs34636042	1	2	1	1	./.	2	./.
rs6990361	./.	./.	1	./.	1	./.	2
rs11786083	./.	./.	1	./.	1	./.	2
rs1134030	./.	./.	1	./.	1	./.	2
rs6985603	./.	./.	1	1	1	./.	2
rs34173062	./.	./.	./.	./.	./.	./.	1
rs10764493	2	1	1	1	2	2	2
rs1409202	./.	./.	1	./.	./.	./.	./.
rs61847579	./.	./.	./.	./.	1	1	1
rs61847646	./.	./.	./.	./.	1	1	1
rs1938540	./.	./.	./.	./.	1	1	1
rs4934083	2	2	2	2	./.	2	2
rs4934084	./.	./.	./.	2	./.	2	2
rs4934169	2	2	2	2	./.	2	2
rs7098414	2	2	2	2	./.	2	2
rs7086627	2	2	2	2	./.	2	2
rs9633740	2	2	2	2	./.	2	2
rs10883761	1	./.	./.	./.	./.	2	./.
rs10883763	1	./.	./.	./.	./.	2	./.
rs743572	2	./.	1	./.	1	1	./.
rs3824754	1	./.	./.	./.	1	1	./.
rs3740400	2	./.	1	./.	1	1	./.
rs17884001	./.	./.	./.	./.	1	1	./.
rs1046778	1	./.	1	./.	1	1	1
rs11191514	1	./.	./.	./.	1	1	./.
rs1926034	2	./.	2	./.	1	1	1
rs1926032	1	./.	./.	./.	1	1	./.
rs943035	2	./.	2	./.	1	1	1
rs11191557	1	./.	./.	./.	1	1	./.
rs10883832	1	./.	./.	./.	1	1	./.
rs2066323	2	./.	2	./.	1	1	1
rs79780963	1	./.	./.	./.	1	1	./.
rs10883845	2	./.	2	./.	1	./.	1
rs4565840	1	./.	./.	2	./.	./.	./.
rs12571674	1	./.	./.	./.	./.	./.	./.
rs12247564	1	./.	./.	2	./.	./.	./.
rs11194940	1	./.	./.	2	./.	./.	./.
rs3862007	1	2	2	./.	2	2	2
rs144814361	./.	./.	./.	./.	./.	./.	./.
rs11027859	1	./.	2	./.	./.	./.	./.
rs11027860	1	./.	2	1	./.	1	./.
rs72875860	1	./.	2	1	./.	1	./.
rs72875861	1	./.	2	1	./.	1	./.
rs72875878	1	./.	2	1	./.	1	./.
rs72875881	1	./.	2	1	./.	1	./.
rs72875882	1	./.	2	1	./.	1	./.
rs72875883	1	./.	2	1	./.	1	./.
rs61882674	1	1	./.	./.	./.	1	./.
rs10160701	1	1	./.	1	./.	1	./.
rs61884264	1	1	./.	1	./.	1	./.
rs7947450	./.	./.	1	./.	1	./.	./.
rs12223593	./.	./.	./.	./.	1	./.	./.
rs1441586	1	./.	2	2	./.	./.	./.
rs7930318	1	2	1	2	2	1	2
rs4938932	1	2	1	2	2	1	2
rs2304936	1	1	./.	./.	2	1	2
rs2304935	1	./.	./.	./.	2	1	2
rs2304934	1	./.	./.	./.	2	1	2
rs2304933	1	1	./.	./.	2	1	2
rs174529	./.	./.	1	./.	./.	2	1
rs174538	./.	./.	1	./.	./.	1	1
rs174561	./.	./.	./.	./.	./.	1	1
rs99780	./.	./.	1	1	./.	1	1
rs11227411	./.	./.	./.	./.	./.	1	1
rs3862386	./.	./.	./.	./.	./.	1	1
rs527897	2	2	2	1	2	1	1
rs1127894	2	1	1	2	2	1	1
rs7117514	./.	./.	./.	./.	1	./.	2
rs10501403	./.	./.	./.	./.	1	./.	2
rs11237269	./.	./.	./.	./.	1	./.	2
rs28441399	./.	./.	./.	./.	1	./.	2
rs61185009	./.	./.	./.	./.	1	./.	2
rs598561	1	1	1	1	1	1	1
rs3016327	1	2	1	2	2	2	2
rs987482	./.	./.	./.	./.	./.	./.	./.
rs755678	./.	./.	./.	./.	./.	./.	./.
rs73022874	./.	1	./.	./.	1	./.	1
rs7936858	./.	1	./.	./.	1	./.	1
rs57336947	./.	1	./.	./.	1	./.	1
rs11602545	./.	1	./.	./.	1	./.	1
rs167915	1	./.	./.	1	1	./.	1
rs3802924	./.	./.	./.	./.	1	1	./.
rs4936216	./.	./.	./.	./.	1	./.	./.
rs2283288	1	1	./.	./.	./.	2	1
rs2238045	1	1	./.	./.	./.	2	1
rs2238046	1	1	./.	./.	./.	2	1
rs2238047	1	1	./.	./.	./.	2	1
rs11614764	1	1	./.	./.	./.	2	1
rs2238049	1	1	./.	2	./.	2	1
rs11062156	1	1	./.	./.	./.	2	1
rs2238054	1	1	./.	./.	./.	2	1
rs12424245	1	1	./.	./.	./.	./.	1
rs11062162	1	1	./.	1	./.	./.	1
rs4765904	1	1	./.	1	./.	./.	1
rs1108074	1	1	./.	1	./.	./.	1
rs1108073	1	1	./.	1	./.	./.	1
rs1108075	1	1	./.	1	./.	./.	1
rs11062166	1	1	./.	1	./.	./.	1
rs2239030	1	1	./.	1	./.	2	1
rs2370413	./.	1	./.	2	./.	2	1
rs7297582	./.	1	./.	./.	./.	./.	1
rs1491942	./.	./.	./.	2	1	1	1
rs12814239	./.	./.	./.	./.	./.	./.	./.
rs2279574	./.	./.	1	./.	1	1	1
rs10506971	./.	./.	1	./.	1	1	1
rs61955196	2	1	./.	1	1	1	2
rs55742290	2	1	2	1	1	1	2
rs3741530	2	1	2	1	1	1	2
rs655293	2	1	2	2	1	1	2
rs4148862	2	1	2	2	1	1	2
rs949143	2	1	2	1	1	1	2
rs1727294	2	1	2	1	1	1	2
rs1716165	2	1	2	1	1	1	2
rs4460848	2	1	2	1	1	1	2
rs1619283	2	1	2	1	1	1	2
rs1727332	2	1	2	1	1	1	1
rs1568427	2	1	2	1	1	1	2
rs1568428	2	1	2	1	1	1	2
rs7974099	2	1	2	1	1	1	2
rs28533432	2	1	2	2	1	1	2
rs9549705	2	./.	./.	1	./.	1	1
rs9549708	2	./.	./.	1	./.	1	1
rs61990288	./.	1	./.	1	1	1	./.
rs12895055	2	./.	1	./.	1	./.	1
rs11624408	2	./.	1	./.	1	./.	1
rs2693698	./.	2	1	2	1	2	1
rs7148456	./.	1	1	./.	./.	./.	1
rs55751606	./.	1	1	./.	./.	./.	1
rs2274267	./.	1	1	./.	./.	./.	1
rs12884809	./.	1	1	./.	./.	./.	1
rs61637848	./.	1	1	./.	./.	./.	1
rs1535099	2	1	1	1	2	./.	1
rs8004408	./.	1	1	./.	1	./.	1
rs7156697	./.	1	1	./.	1	./.	1
rs7156834	./.	1	1	./.	1	./.	1
rs2024667	./.	1	1	./.	1	./.	./.
rs11847468	./.	1	1	./.	1	./.	1
rs2368560	./.	1	1	./.	1	./.	1
rs12885509	./.	1	1	./.	./.	./.	1
rs10083370	2	1	1	2	1	2	1
rs10083367	2	1	1	2	1	2	1
rs4906379	2	1	1	2	2	2	2
rs56205728	./.	./.	1	./.	1	./.	1
rs12439457	./.	./.	2	./.	1	2	./.
rs653765	./.	./.	2	./.	1	1	./.
rs117618017	./.	./.	./.	./.	./.	./.	./.
rs17762798	./.	./.	1	1	1	./.	1
rs2656070	1	2	2	1	2	1	1
rs3813570	2	./.	./.	1	./.	2	1
rs59133824	2	./.	./.	1	./.	2	1
rs59683676	2	./.	./.	1	./.	2	1
rs905739	2	./.	./.	1	./.	2	1
rs503464	2	./.	./.	1	./.	2	1
rs11637666	1	./.	2	./.	1	./.	./.
rs11630760	1	./.	2	./.	1	./.	./.
rs71395453	1	./.	2	./.	1	./.	./.
rs11633075	1	./.	2	./.	1	./.	./.
rs12905223	1	./.	2	./.	1	./.	./.
rs12912934	1	./.	2	./.	1	./.	./.
rs10795	1	./.	2	./.	1	./.	./.
rs2271431	1	./.	2	./.	1	./.	./.
rs12904605	1	./.	2	./.	1	./.	./.
rs4932178	2	./.	2	./.	2	./.	1
rs12906125	./.	./.	2	./.	2	./.	1
rs35346340	2	./.	2	./.	2	./.	1
rs2071382	./.	2	./.	2	./.	2	./.
rs11539637	./.	2	./.	1	./.	2	./.
rs7183988	./.	2	./.	1	./.	1	./.
rs7177338	./.	2	./.	1	./.	1	./.
rs7497304	2	./.	2	./.	2	./.	1
rs4932373	2	./.	2	./.	2	./.	./.
rs953285	1	1	./.	1	./.	1	1
rs953286	1	1	./.	1	./.	1	1
rs7201930	./.	./.	./.	1	./.	1	1
rs4407079	1	./.	2	./.	1	1	1
rs4609871	1	./.	2	1	1	1	1
rs9936474	1	./.	2	./.	1	1	1
rs12716973	1	./.	2	./.	1	1	./.
rs4420550	1	./.	2	1	1	1	1
rs6565173	./.	./.	2	1	1	2	1
rs4318227	./.	./.	2	1	1	2	2
rs10871451	./.	./.	2	1	1	2	1
rs12928610	./.	2	2	2	2	2	1
rs12933575	./.	2	1	2	2	2	2
rs4788212	./.	2	1	2	2	1	1
rs4788213	./.	2	1	2	2	1	1
rs3814878	./.	2	1	2	2	2	1
rs3814877	./.	./.	1	1	1	1	1
rs12446378	./.	2	1	2	2	1	1
rs897984	./.	1	1	./.	1	./.	1
rs1046276	./.	1	1	./.	1	1	1
rs3813020	./.	1	1	./.	1	./.	1
rs35675346	1	./.	1	1	1	1	1
rs35733741	./.	./.	./.	./.	./.	./.	1
rs10782002	./.	1	1	./.	1	./.	1
rs4889571	./.	1	1	./.	1	./.	1
rs11640534	./.	1	1	./.	1	./.	1
rs1458202	./.	1	1	./.	1	./.	1
rs4889599	./.	1	./.	./.	1	./.	1
rs62055866	./.	1	./.	./.	1	./.	1
rs6950	./.	1	./.	./.	1	1	1
rs35626593	./.	1	./.	2	1	./.	./.
rs35205751	./.	1	./.	2	1	./.	./.
rs9895551	1	./.	2	./.	1	1	./.
rs11655813	1	./.	./.	./.	1	1	1
rs216172	1	./.	2	./.	2	1	./.
rs10852932	1	./.	2	1	2	1	1
rs749240	1	./.	2	1	2	1	1
rs75511804	./.	./.	./.	./.	1	./.	1
rs113151753	./.	./.	./.	1	1	./.	./.
rs4924832	1	1	./.	./.	2	2	./.
rs6503488	./.	./.	1	2	./.	1	./.
rs8079310	./.	./.	1	2	./.	1	./.
rs79724577	1	./.	./.	./.	./.	./.	1
rs62064597	1	./.	1	./.	./.	./.	./.
rs12949256	1	./.	1	./.	./.	./.	1
rs7220206	1	./.	1	./.	./.	./.	./.
rs62064652	./.	./.	1	./.	./.	./.	1
rs62064653	./.	./.	1	./.	./.	./.	1
rs55642947	1	./.	1	./.	./.	./.	2
rs241039	1	./.	1	./.	1	./.	1
rs439558	1	./.	1	1	1	./.	./.
rs2040844	1	./.	1	./.	1	./.	1
rs62056870	1	./.	1	./.	1	./.	1
rs17688534	1	./.	1	./.	1	./.	1
rs17688558	1	./.	1	./.	1	./.	1
rs17688922	1	./.	1	./.	1	./.	1
rs1880750	1	./.	1	./.	1	./.	1
rs56167344	1	./.	1	./.	1	./.	1
rs56046792	1	./.	1	./.	1	./.	1
rs80157557	1	./.	1	./.	1	./.	1
rs76728632	1	./.	1	./.	1	./.	1
rs17563827	1	./.	1	./.	1	./.	1
rs62055947	1	./.	1	./.	1	./.	1
rs62055948	1	./.	1	./.	1	./.	1
rs113871181	1	./.	1	./.	1	./.	1
rs111370985	1	./.	1	./.	1	./.	1
rs55787105	1	./.	1	./.	1	./.	1
rs62055950	1	./.	1	./.	1	./.	1
rs56043078	1	./.	1	./.	1	./.	1
rs55943044	1	./.	1	./.	1	./.	1
rs4564621	1	./.	1	./.	1	./.	1
rs2316763	1	./.	1	./.	1	./.	1
rs2316764	1	./.	1	./.	1	./.	1
rs4277389	1	./.	1	./.	1	./.	1
rs4566211	1	./.	1	./.	1	./.	1
rs4566212	1	./.	1	./.	1	./.	1
rs4309444	1	./.	1	./.	1	./.	1
rs62057107	1	./.	1	./.	1	./.	1
rs12150390	1	./.	1	./.	1	./.	1
rs62057110	1	./.	1	./.	1	./.	./.
rs62057111	1	./.	1	./.	1	./.	1
rs62057112	1	./.	1	./.	1	./.	1
rs62057113	1	./.	1	./.	1	./.	1
rs78506181	1	./.	1	./.	1	./.	1
rs79600142	1	./.	1	./.	1	./.	1
rs62054824	1	./.	1	./.	1	./.	1
rs62054825	1	./.	1	./.	1	./.	1
rs79589869	1	./.	1	./.	1	./.	1
rs62056778	1	./.	1	./.	1	./.	1
rs11575895	1	./.	1	./.	1	./.	1
rs62056779	1	./.	1	./.	1	./.	1
rs74548327	1	./.	1	./.	1	./.	./.
rs2063155966	1	./.	./.	./.	1	./.	1
rs111972148	1	./.	./.	./.	1	./.	1
rs76324150	1	./.	1	./.	1	./.	1
rs113347741	1	./.	1	./.	1	./.	1
rs78720789	1	./.	1	./.	1	./.	1
rs4792891	1	./.	1	./.	1	./.	1
rs62056780	1	./.	1	./.	1	./.	1
rs74496580	1	./.	1	./.	1	./.	1
rs62056782	1	./.	1	./.	1	./.	1
rs80346216	1	./.	1	./.	1	./.	1
rs76632685	1	./.	1	./.	1	./.	1
rs62056784	1	./.	1	./.	1	./.	1
rs62056806	1	./.	1	./.	1	./.	1
rs62056807	1	./.	1	./.	1	./.	1
rs1467966	1	./.	1	./.	1	./.	1
rs62056808	1	./.	1	./.	1	./.	1
rs62056809	1	./.	1	./.	1	./.	1
rs62056810	1	./.	1	./.	1	./.	1
rs79492906	1	./.	1	./.	1	./.	1
rs62056811	1	./.	1	./.	1	./.	1
rs74509629	1	./.	1	./.	1	./.	1
rs79290980	1	./.	1	./.	1	./.	1
rs17563986	1	./.	1	./.	1	./.	1
rs17564020	1	./.	1	./.	1	./.	1
rs55682376	1	./.	1	./.	1	./.	1
rs9899833	1	./.	1	./.	1	./.	1
rs17649641	1	./.	1	./.	1	./.	1
rs75046472	1	./.	1	./.	1	./.	1
rs17564223	1	./.	1	./.	1	./.	1
rs767058	1	./.	1	./.	1	./.	1
rs767057	1	./.	1	./.	1	./.	1
rs767056	1	./.	1	./.	1	./.	1
rs62058964	1	./.	1	./.	1	./.	./.
rs62058965	1	./.	1	./.	1	./.	1
rs17649866	1	./.	1	./.	1	./.	1
rs62061727	1	./.	1	./.	1	./.	1
rs62061728	1	./.	1	./.	1	./.	1
rs62061729	1	./.	1	./.	1	./.	1
rs62062769	1	./.	1	./.	1	./.	1
rs62062770	1	./.	1	./.	1	./.	./.
rs62062771	1	./.	1	./.	1	./.	1
rs62062772	1	./.	1	./.	1	./.	1
rs62062773	1	./.	1	./.	1	./.	1
rs62062794	1	./.	1	./.	1	./.	1
rs78556223	1	./.	1	./.	1	./.	1
rs242561	1	2	1	2	1	2	1
rs17571718	1	./.	1	./.	1	./.	1
rs78555354	1	./.	1	./.	1	./.	1
rs17571739	1	./.	1	./.	1	./.	1
rs62062813	1	./.	1	./.	1	./.	1
rs62063262	1	./.	1	./.	1	./.	1
rs113520245	1	./.	1	./.	1	./.	1
rs113277432	1	./.	1	./.	1	./.	1
rs112950348	1	./.	1	./.	1	./.	1
rs111751251	1	./.	1	./.	1	./.	1
rs62063291	1	./.	1	./.	1	./.	1
rs62063795	1	./.	1	./.	1	./.	1
rs62063796	1	./.	1	./.	1	./.	1
rs62063797	1	./.	1	./.	1	./.	1
rs77290642	1	./.	1	./.	1	./.	1
rs76618565	1	./.	1	./.	1	./.	1
rs62063798	1	./.	1	./.	1	./.	1
rs17651857	1	./.	1	./.	1	./.	1
rs74759276	1	./.	1	./.	1	./.	1
rs17651887	1	./.	1	./.	1	./.	1
rs78599197	1	./.	1	./.	1	./.	1
rs55662347	1	./.	1	./.	1	./.	1
rs2471737	2	1	1	1	1	1	1
rs62063856	1	./.	1	./.	1	./.	1
rs62063857	1	./.	1	./.	1	./.	1
rs79959255	1	./.	1	./.	1	./.	1
rs56301633	1	./.	1	./.	1	./.	1
rs56108300	1	./.	1	./.	1	./.	1
rs17573447	1	./.	1	./.	1	./.	1
rs62064662	1	./.	1	./.	1	./.	1
rs62064663	1	./.	1	./.	1	./.	1
rs733966	1	./.	1	./.	1	./.	1
rs733967	1	./.	1	./.	1	./.	1
rs733968	1	./.	1	./.	1	./.	1
rs733969	1	./.	1	./.	1	./.	1
rs4283261	1	./.	1	./.	1	./.	1
rs12150254	1	./.	1	./.	1	./.	1
rs12150506	1	./.	1	./.	1	./.	1
rs12150170	1	./.	1	./.	1	./.	1
rs12150515	1	./.	1	./.	1	./.	1
rs62062266	1	./.	1	./.	1	./.	1
rs17573858	1	./.	1	./.	1	./.	1
rs62062267	1	./.	1	./.	1	./.	1
rs62062268	1	./.	1	./.	1	./.	1
rs17574228	1	./.	1	./.	1	./.	1
rs78229689	1	./.	1	./.	1	./.	1
rs34579536	1	./.	1	./.	1	./.	1
rs17574425	1	./.	1	./.	1	./.	1
rs77768866	1	./.	1	./.	1	./.	1
rs17575556	1	./.	1	./.	1	./.	./.
rs41384744	1	./.	1	./.	1	./.	1
rs55714296	1	./.	1	./.	1	./.	1
rs55690782	1	./.	1	./.	1	./.	1
rs62060809	1	./.	1	./.	1	./.	1
rs62060810	1	./.	1	./.	1	./.	1
rs1117253	1	./.	1	./.	1	./.	1
rs12150625	1	./.	1	./.	1	./.	1
rs12150627	1	./.	1	./.	1	./.	1
rs12150628	1	./.	1	./.	1	./.	1
rs74348235	1	./.	1	./.	1	./.	1
rs62061816	1	./.	1	./.	1	./.	1
rs62061817	1	./.	1	./.	1	./.	1
rs10514904	1	./.	1	./.	1	./.	1
rs79301522	1	./.	1	./.	1	./.	./.
rs17661428	1	./.	1	./.	1	./.	1
rs17577877	1	./.	1	./.	1	./.	1
rs6503457	1	./.	1	1	1	./.	1
rs2696590	1	./.	1	./.	1	./.	1
rs2696589	1	./.	1	./.	1	./.	1
rs2222746	1	./.	1	./.	1	./.	1
rs1918792	1	./.	1	./.	1	./.	1
rs1918791	1	./.	1	./.	1	./.	1
rs2696576	1	./.	1	./.	1	./.	1
rs2696575	1	./.	1	./.	1	./.	1
rs2532300	./.	./.	1	./.	1	./.	1
rs2532298	1	./.	1	./.	1	./.	1
rs2532297	1	./.	1	./.	1	./.	1
rs2696572	1	./.	1	./.	1	./.	1
rs62060864	1	./.	1	./.	1	./.	1
rs2696633	1	./.	1	./.	1	./.	1
rs75449579	1	./.	1	./.	1	./.	./.
rs2532404	./.	./.	./.	./.	1	./.	1
rs2732615	./.	./.	./.	./.	1	./.	./.
rs2732614	./.	./.	./.	./.	1	./.	1
rs199454	1	2	1	1	./.	1	1
rs199442	1	./.	1	1	2	1	1
rs9912530	1	2	1	1	./.	1	1
rs199530	1	2	1	1	./.	1	1
rs199528	1	./.	1	./.	1	./.	1
rs199524	1	2	1	1	1	1	1
rs199523	1	2	1	1	1	1	1
rs199509	1	2	1	2	1	2	1
rs199508	1	2	1	1	1	1	1
rs199507	1	2	1	2	1	2	1
rs199506	1	2	1	2	1	2	1
rs199504	1	2	1	2	1	2	1
rs4291	1	1	2	1	1	2	1
rs4292	1	1	2	2	1	2	./.
rs4295	1	1	2	1	1	2	1
rs4316	1	1	2	./.	1	2	1
rs12456492	1	1	1	1	2	1	./.
rs57530083	./.	./.	./.	./.	1	./.	./.
rs118117804	./.	./.	./.	./.	./.	./.	./.
rs1993193	./.	./.	./.	./.	./.	./.	./.
rs72930767	./.	./.	./.	./.	./.	./.	./.
rs72930769	./.	./.	./.	./.	./.	./.	./.
rs17596974	1	./.	./.	./.	./.	./.	./.
rs2861344	1	1	1	1	1	1	./.
rs3764642	1	./.	1	./.	1	2	2
rs4147904	1	./.	1	./.	1	2	1
rs3752229	./.	./.	./.	./.	./.	./.	./.
rs11670146	./.	./.	1	./.	2	2	2
rs72986630	./.	./.	./.	./.	./.	./.	./.
rs2905426	2	2	2	./.	2	2	1
rs2905427	2	2	2	./.	2	2	1
rs4808959	./.	./.	./.	1	1	./.	1
rs7250893	./.	./.	./.	1	1	./.	1
rs10422819	./.	./.	./.	1	1	./.	1
rs7245983	./.	./.	./.	1	1	./.	1
rs140989912	./.	./.	./.	./.	./.	./.	./.
rs55848260	./.	./.	2	2	1	./.	./.
rs11669005	2	./.	2	2	1	./.	1
rs10426401	./.	1	1	1	./.	1	./.
rs10410651	./.	1	1	2	./.	1	./.
rs150820726	./.	./.	./.	./.	./.	./.	./.
rs531660643	./.	./.	./.	./.	./.	./.	./.
rs147211387	./.	./.	./.	./.	./.	./.	./.
rs569705402	./.	./.	./.	./.	./.	./.	./.
rs28399596	./.	./.	./.	./.	1	./.	./.
rs10426423	2	./.	1	./.	1	1	1
rs77241309	1	./.	1	./.	./.	./.	1
rs2927472	2	1	2	2	1	2	2
rs3810143	./.	1	1	1	./.	1	./.
rs561654715	./.	./.	./.	./.	./.	./.	./.
rs76692773	./.	./.	./.	./.	./.	./.	./.
rs549854089	./.	./.	./.	./.	./.	./.	./.
rs435380	./.	./.	./.	./.	./.	./.	./.
rs565334527	./.	./.	./.	./.	./.	./.	./.
rs5112	./.	./.	1	1	2	./.	./.
rs79429216	./.	./.	./.	./.	./.	./.	./.
rs2288912	2	1	2	1	1	2	1
rs2288911	2	1	2	1	1	2	1
rs7248162	2	1	2	1	1	2	./.
rs7247227	2	1	2	1	1	2	1
rs7247551	2	1	2	1	1	2	1
rs3760629	2	1	2	1	1	2	1
rs41334244	./.	./.	1	1	./.	./.	./.
rs143674704	./.	1	./.	./.	./.	./.	./.
rs2238682	1	1	1	./.	1	1	./.
rs11669173	./.	./.	./.	1	1	./.	1
rs73047694	1	1	1	./.	1	1	./.
rs117612135	./.	./.	./.	./.	./.	./.	./.
rs35194062	./.	./.	1	./.	./.	./.	./.
rs34034621	./.	./.	1	./.	./.	./.	1
rs112481437	./.	./.	./.	./.	./.	./.	./.
rs7251911	./.	./.	./.	1	./.	1	./.
rs138137383	./.	./.	./.	./.	./.	./.	./.
rs17643262	./.	./.	./.	./.	./.	./.	./.
rs754366	./.	./.	./.	./.	./.	./.	./.
rs10425074	./.	./.	1	1	./.	./.	./.
rs536518226	./.	./.	./.	./.	./.	./.	./.
rs10401157	./.	./.	./.	./.	./.	./.	./.
rs28469095	./.	./.	./.	./.	./.	./.	./.
rs12462536	./.	./.	./.	./.	./.	./.	./.
rs62118471	./.	./.	./.	./.	1	./.	1
rs12461027	1	1	./.	./.	./.	./.	./.
rs529912727	./.	./.	./.	./.	./.	./.	./.
rs189912081	./.	./.	./.	./.	./.	./.	./.
rs202847	1	./.	./.	./.	./.	1	1
rs6065078	1	1	./.	1	1	1	./.
rs208814	./.	./.	2	1	1	1	2
rs13043430	./.	1	1	1	./.	./.	./.
rs6073623	./.	1	1	1	./.	./.	./.
rs2235226	./.	2	1	1	1	./.	1
rs237470	./.	./.	./.	2	./.	1	./.
rs237475	./.	./.	./.	2	./.	1	1
rs17462136	1	./.	1	./.	./.	./.	1
rs4925367	1	2	1	1	2	./.	2
rs4925368	1	2	1	1	2	./.	2
rs2297592	1	2	1	1	2	./.	2
rs2256331	2	1	1	1	1	./.	2
rs2830072	2	1	1	1	1	./.	2
rs469420	./.	1	1	1	1	2	./.
rs7288455	1	./.	2	./.	1	2	1
rs926914	1	1	1	2	./.	2	./.
rs71327107	1	1	1	2	./.	2	./.
rs9611474	1	1	1	2	./.	2	./.
rs9611519	1	1	1	2	./.	2	./.
rs9611520	1	1	1	2	./.	2	./.
rs5751191	1	./.	1	./.	1	2	2
rs28515621	./.	2	./.	1	1	./.	./.
rs5758653	1	./.	1	1	1	./.	1
rs134873	1	./.	1	1	1	./.	1
rs2465804	2	1	1	1	1	1	1
rs10200967	1	2	2	1	1	2	2
rs17014923	./.	./.	1	./.	1	./.	./.
rs58402148	1	./.	./.	./.	./.	1	1
rs71414738	./.	1	./.	./.	./.	./.	./.
rs58570929	1	./.	./.	1	./.	1	1
rs57891859	./.	./.	2	1	./.	1	./.
rs7564698	2	2	2	1	2	2	2
rs6713113	2	2	1	2	1	1	1
rs56067932	./.	1	1	1	./.	./.	1
rs13382697	2	2	1	2	1	./.	1
rs4673660	2	./.	1	./.	1	1	./.
rs79333757	1	./.	1	./.	1	./.	./.
rs11688168	1	./.	1	./.	1	./.	./.
rs4973569	./.	2	1	./.	1	./.	./.
rs13388142	1	2	1	1	2	1	2
rs925135	./.	./.	1	2	1	./.	1
rs11717383	1	1	1	1	1	2	./.
rs62255362	1	1	1	./.	1	1	./.
rs6976	1	1	1	./.	1	1	./.
rs2072390	1	1	1	1	1	1	./.
rs711977	./.	2	1	./.	1	2	./.
rs711975	./.	2	1	./.	2	2	1
rs62297062	1	./.	./.	./.	./.	./.	./.
rs62297063	1	./.	./.	./.	./.	./.	./.
rs78590562	1	./.	./.	./.	./.	./.	./.
rs10015233	1	2	2	2	./.	2	1
rs17016071	./.	1	./.	1	./.	1	./.
rs79596632	./.	1	./.	./.	./.	./.	./.
rs74329237	./.	1	./.	./.	./.	./.	./.
rs8180209	./.	1	./.	1	./.	1	./.
rs2737004	1	1	1	./.	./.	1	1
rs2619356	2	2	2	1	2	2	2
rs2583980	1	1	1	./.	./.	1	1
rs295573	1	2	1	2	1	2	1
rs6933213	./.	1	1	2	./.	./.	./.
rs9467989	./.	1	1	./.	1	./.	./.
rs9468204	./.	1	2	1	./.	./.	./.
rs13212318	./.	1	1	./.	./.	./.	./.
rs9357045	./.	1	1	./.	./.	./.	./.
rs9348774	./.	1	1	1	./.	./.	./.
rs9295740	./.	1	1	1	./.	./.	./.
rs192804591	./.	1	1	./.	./.	./.	./.
rs9295746	./.	./.	2	./.	./.	./.	./.
rs72847313	./.	./.	1	./.	./.	./.	./.
rs149943	./.	1	1	./.	./.	./.	./.
rs35902873	./.	1	1	./.	./.	./.	./.
rs9393887	./.	1	1	./.	./.	./.	./.
rs1233489	./.	1	1	./.	./.	./.	./.
rs2284164	1	2	1	./.	./.	./.	./.
rs115549271	1	1	1	1	./.	./.	./.
rs4721122	1	1	1	./.	./.	2	1
rs1859993	1	2	1	2	1	1	1
rs4721441	1	2	1	1	1	1	1
rs1624451	1	./.	2	1	1	./.	1
rs858275	1	./.	2	1	1	./.	1
rs4424195	./.	1	./.	1	1	./.	2
rs13230744	1	1	./.	1	1	2	2
rs1859787	./.	1	2	1	./.	./.	./.
rs858512	1	1	2	2	1	./.	./.
rs6979218	1	./.	1	2	1	./.	./.
rs3801281	2	2	./.	2	1	./.	2
rs214469	1	2	1	2	1	1	2
rs7811308	1	2	1	1	1	1	1
rs2110309	1	./.	1	./.	1	1	./.
rs1565736	1	1	1	1	./.	./.	./.
rs530324	./.	1	1	1	1	1	./.
rs7835908	1	1	2	1	2	2	2
rs1870148	2	2	2	2	./.	2	2
rs180845012	1	./.	./.	./.	1	1	./.
rs186185218	1	./.	./.	./.	1	1	./.
rs7085888	1	./.	./.	2	./.	./.	./.
rs2501577	1	./.	./.	2	./.	./.	./.
rs35846200	1	./.	2	1	./.	1	./.
rs1470277	1	./.	2	1	./.	1	./.
rs1899546	1	./.	2	1	./.	1	./.
rs1159408	1	./.	2	1	./.	1	./.
rs7932740	./.	./.	./.	./.	./.	1	./.
rs1237999	1	1	1	1	1	2	1
rs10501610	./.	./.	1	./.	./.	./.	./.
rs72962020	./.	./.	1	./.	./.	./.	./.
rs56157503	./.	./.	1	./.	./.	./.	./.
rs2282647	./.	./.	./.	./.	./.	./.	./.
rs3794133	./.	1	./.	./.	1	./.	1
rs11608811	2	1	2	1	1	1	2
rs585522	2	1	2	2	1	1	2
rs3794422	2	./.	./.	./.	./.	1	1
rs2236281	./.	1	1	./.	./.	./.	./.
rs4906338	./.	1	1	./.	./.	./.	1
rs34026011	./.	1	1	1	./.	./.	1
rs7152148	./.	1	1	./.	1	./.	1
rs11160760	./.	1	1	./.	1	./.	1
rs34596177	./.	1	./.	./.	./.	./.	1
rs1427281	./.	./.	2	./.	1	2	./.
rs684513	2	./.	./.	1	./.	1	1
rs80252709	./.	./.	2	./.	1	./.	./.
rs75596238	./.	./.	2	./.	1	./.	./.
rs68184996	1	./.	2	./.	1	./.	./.
rs11633181	./.	./.	2	./.	1	./.	./.
rs4643294	1	./.	2	./.	1	./.	./.
rs216188	1	2	./.	1	./.	1	2
rs12940792	1	./.	1	./.	./.	./.	./.
rs1879585	./.	./.	1	./.	./.	./.	1
rs424243	1	./.	1	./.	1	./.	1
rs422112	1	./.	1	./.	1	./.	1
rs417968	1	2	1	1	1	2	1
rs12150608	1	./.	1	./.	1	./.	1
rs12150610	1	./.	1	./.	1	./.	1
rs12150547	1	./.	1	./.	1	./.	1
rs17688767	1	./.	1	./.	1	./.	1
rs62056874	1	./.	1	./.	1	./.	1
rs17688773	1	./.	1	./.	1	./.	1
rs17762073	1	./.	1	./.	1	./.	1
rs17563800	1	./.	1	./.	1	./.	1
rs56295996	1	./.	1	./.	1	./.	1
rs56384960	1	./.	1	./.	1	./.	1
rs55991914	1	./.	1	./.	1	./.	1
rs62055955	1	./.	1	./.	1	./.	1
rs62055956	1	./.	1	./.	1	./.	1
rs12938031	1	./.	1	./.	1	./.	1
rs62055957	1	./.	1	./.	1	./.	1
rs34186148	1	1	2	./.	1	1	1
rs62057147	1	./.	1	./.	1	./.	1
rs17763050	1	./.	1	./.	1	./.	1
rs62057148	1	./.	1	./.	1	./.	1
rs62057149	1	./.	1	./.	1	./.	1
rs62057150	1	./.	1	./.	1	./.	1
rs56398500	1	./.	1	./.	1	./.	./.
rs112058117	./.	./.	1	./.	1	./.	./.
rs373491850	./.	./.	1	./.	1	./.	./.
rs62064664	1	./.	1	./.	1	./.	1
rs62064665	1	./.	1	./.	1	./.	1
rs2158257	1	./.	1	./.	1	./.	1
rs62060798	1	./.	1	./.	1	./.	1
rs62060799	1	./.	1	./.	1	./.	1
rs17575822	1	./.	1	./.	1	./.	1
rs17575850	1	./.	1	./.	1	./.	1
rs2696662	1	./.	1	./.	1	./.	1
rs2532267	1	./.	1	./.	1	./.	1
rs916888	1	./.	1	1	1	./.	1
rs199500	1	./.	1	./.	1	2	2
rs6073631	./.	1	1	1	./.	./.	./.
rs6143010	1	2	./.	1	2	./.	2
rs375369	./.	1	1	1	1	2	./.
rs2830088	./.	1	1	1	1	2	./.
rs12483003	./.	1	1	1	1	2	./.
rs404164	./.	1	1	1	1	1	./.
rs13596	1	1	1	2	1	1	2
rs58829390	2	./.	2	1	./.	2	2
rs674725	1	2	2	2	2	./.	1
rs489319	./.	2	./.	2	1	./.	./.
rs112767823	./.	2	./.	1	1	./.	./.
rs6576983	2	./.	./.	2	2	./.	2
rs6576984	2	./.	./.	2	2	./.	2
rs74895054	./.	1	./.	./.	./.	./.	1
rs3754609	1	./.	./.	./.	./.	1	./.
rs72959016	./.	./.	./.	./.	./.	./.	./.
rs17014873	./.	./.	./.	./.	./.	./.	./.
rs11688414	2	2	./.	./.	1	./.	2
rs17202645	./.	./.	./.	./.	./.	./.	./.
rs1031443	2	2	2	1	2	2	2
rs2390725	2	2	2	1	2	2	2
rs281763	1	2	1	2	1	2	2
rs7565005	1	./.	1	./.	1	./.	./.
rs9834970	2	1	1	./.	./.	2	1
rs4678910	2	1	1	./.	./.	./.	1
rs4678911	2	1	1	./.	./.	./.	1
rs9819304	2	1	1	./.	./.	./.	1
rs4678914	2	1	2	./.	./.	2	1
rs7622851	1	1	1	1	1	2	./.
rs11714565	1	1	1	1	1	1	./.
rs7625743	1	1	1	1	1	1	./.
rs4687638	1	1	1	./.	1	1	./.
rs2878726	1	1	1	./.	1	1	./.
rs3755803	./.	./.	1	./.	1	./.	./.
rs7652667	2	1	1	2	1	2	2
rs832190	./.	2	1	1	2	2	1
rs696520	./.	2	1	./.	2	2	1
rs13071836	./.	1	./.	./.	./.	./.	1
rs4690340	./.	./.	./.	./.	1	1	./.
rs62297061	./.	./.	./.	./.	./.	./.	./.
rs56785826	./.	./.	./.	./.	1	1	./.
rs6599388	1	./.	./.	./.	1	./.	./.
rs6599389	./.	./.	./.	./.	1	./.	./.
rs11728636	1	./.	./.	./.	2	./.	1
rs10939105	1	2	2	1	./.	2	1
rs10032423	1	2	./.	./.	1	1	1
rs7681312	./.	1	./.	1	./.	1	./.
rs356202	1	1	1	2	1	2	1
rs6846161	./.	1	2	2	2	2	1
rs67431205	./.	1	1	./.	1	./.	1
rs34661691	./.	1	1	./.	./.	./.	./.
rs56405707	./.	1	1	./.	./.	./.	./.
rs13201308	./.	1	1	./.	./.	./.	./.
rs9393898	./.	1	1	./.	./.	./.	./.
rs1150705	./.	1	1	2	./.	2	1
rs13201753	./.	1	1	1	./.	2	./.
rs213228	./.	1	1	1	./.	2	./.
rs9461459	./.	1	1	1	./.	2	./.
rs34546986	./.	1	1	./.	./.	./.	./.
rs28360638	./.	1	1	1	./.	2	./.
rs16894060	./.	1	1	1	./.	2	./.
rs2531806	./.	1	1	2	./.	2	1
rs6903535	./.	1	1	1	./.	2	./.
rs13194504	./.	1	1	./.	./.	./.	./.
rs9257188	./.	1	1	1	./.	./.	./.
rs9257189	./.	1	1	1	./.	./.	./.
rs3130387	1	./.	1	./.	./.	./.	./.
rs3132625	./.	1	./.	1	./.	./.	./.
rs4610628	1	1	1	./.	./.	1	1
rs6967442	1	1	1	2	1	2	2
rs34145223	1	1	1	./.	1	1	2
rs13244345	1	1	1	./.	./.	1	2
rs3778970	1	1	1	./.	1	1	1
rs1476887	1	1	1	./.	1	1	1
rs1043915	1	1	./.	1	1	2	2
rs1727129	./.	1	2	1	./.	./.	./.
rs1624099	./.	1	2	1	./.	./.	./.
rs1727130	1	1	2	1	1	./.	./.
rs982256	1	./.	1	1	1	1	./.
rs3935067	./.	./.	1	./.	2	./.	2
rs615171	2	1	2	1	1	2	2
rs616021	2	1	2	1	1	2	2
rs62488714	./.	2	./.	./.	2	./.	./.
rs3088186	1	1	1	1	2	1	2
rs1065712	1	./.	./.	./.	./.	./.	./.
rs2322599	1	./.	./.	1	1	./.	./.
rs4149256	./.	./.	./.	./.	1	./.	./.
rs10113282	1	2	1	1	./.	2	./.
rs6583613	./.	./.	1	1	1	1	1
rs72687362	./.	./.	1	./.	1	./.	1
rs58404036	./.	./.	1	./.	1	./.	2
rs55853893	./.	./.	1	./.	1	./.	2
rs7068231	1	1	2	1	2	./.	1
rs12412727	./.	./.	./.	./.	1	1	1
rs10994318	./.	./.	./.	./.	1	1	1
rs10821745	./.	./.	./.	./.	1	1	1
rs10994322	./.	./.	./.	./.	1	1	1
rs3120976	1	./.	2	1	./.	2	2
rs7080169	1	1	2	./.	./.	1	./.
rs10788639	1	2	2	./.	./.	2	2
rs7900536	2	2	2	2	./.	2	2
rs7086898	1	./.	./.	./.	./.	2	./.
rs7098825	1	./.	./.	./.	1	1	./.
rs3740390	1	./.	./.	./.	1	1	./.
rs3736922	2	./.	2	./.	1	1	1
rs11191551	1	./.	./.	./.	1	1	./.
rs10399964	1	./.	./.	./.	./.	./.	./.
rs11194951	1	2	2	./.	2	2	2
rs75748389	1	1	./.	./.	./.	1	./.
rs2864076	1	1	./.	1	./.	1	./.
rs2856653	2	2	1	1	1	2	2
rs10838702	./.	./.	1	./.	1	./.	./.
rs71475921	./.	./.	./.	./.	1	./.	./.
rs632185	1	2	./.	1	2	2	2
rs55661415	./.	./.	./.	./.	./.	./.	./.
rs174601	./.	./.	1	1	1	1	1
rs472518	2	2	2	1	2	1	1
rs12575685	./.	./.	./.	./.	./.	./.	./.
rs2440885	./.	./.	./.	./.	1	./.	2
rs17344089	./.	./.	./.	./.	1	./.	2
rs11237820	./.	./.	./.	./.	./.	./.	./.
rs75751	1	2	1	2	2	2	2
rs35527761	1	1	1	2	1	1	./.
rs565031	1	1	./.	2	1	1	1
rs592314	1	2	1	2	2	2	2
rs563773	1	1	./.	1	1	1	1
rs1784920	2	2	2	1	1	2	2
rs3794142	./.	1	./.	./.	1	./.	1
rs329647	2	2	2	1	2	2	1
rs10791337	1	2	2	1	./.	./.	1
rs329648	2	2	2	1	2	./.	2
rs2238056	1	1	./.	2	./.	2	1
rs11062170	./.	1	./.	./.	./.	./.	1
rs2239038	./.	1	./.	2	./.	1	1
rs61937595	./.	./.	./.	./.	./.	./.	./.
rs1879379	2	1	2	1	1	1	2
rs9994	2	./.	./.	1	./.	1	1
rs12894729	./.	1	1	./.	./.	./.	1
rs8021229	./.	1	1	./.	./.	./.	2
rs11624184	./.	1	1	./.	1	./.	1
rs11628332	./.	1	1	./.	1	./.	1
rs17300048	./.	./.	2	./.	1	./.	./.
rs3803393	1	./.	2	./.	1	./.	./.
rs3803394	./.	./.	2	./.	1	./.	./.
rs3803398	1	./.	2	./.	1	./.	./.
rs71395455	./.	./.	2	./.	1	./.	./.
rs11633788	1	./.	2	./.	1	./.	1
rs17514846	2	./.	2	1	2	./.	2
rs9938550	./.	1	./.	./.	1	./.	1
rs8062719	./.	1	./.	./.	1	1	./.
rs8060857	./.	1	./.	./.	1	./.	1
rs9931998	1	./.	2	2	./.	1	./.
rs9913277	1	1	./.	1	2	2	./.
rs7089	./.	./.	1	2	./.	1	./.
rs11656871	./.	./.	1	2	./.	1	./.
rs76344126	1	./.	1	./.	./.	./.	1
rs448830	1	./.	1	./.	1	./.	1
rs434428	1	./.	1	./.	1	./.	1
rs434598	1	./.	1	./.	1	./.	1
rs434971	1	./.	1	./.	1	./.	1
rs112431991	1	./.	1	./.	1	./.	1
rs57222984	1	./.	1	1	1	./.	1
rs17687838	1	./.	1	./.	1	./.	1
rs76333921	1	./.	1	./.	1	./.	1
rs76453925	1	./.	1	./.	1	./.	1
rs17687849	1	./.	1	./.	1	./.	1
rs17688205	1	./.	1	./.	1	./.	1
rs62055717	1	./.	1	./.	1	./.	1
rs62055718	1	./.	1	./.	1	./.	1
rs62055751	1	./.	1	./.	1	./.	1
rs62055752	1	./.	1	./.	1	./.	1
rs62055753	1	./.	1	./.	1	./.	1
rs7215239	1	./.	1	1	1	./.	1
rs17688296	1	./.	1	./.	1	./.	1
rs34195569	1	./.	1	./.	1	./.	1
rs34579278	1	./.	1	./.	1	./.	1
rs34211253	1	./.	1	./.	1	./.	1
rs34008514	1	./.	1	./.	1	./.	1
rs62055935	1	./.	1	./.	1	./.	1
rs62055936	1	./.	1	./.	1	./.	1
rs62055937	1	./.	1	./.	1	./.	1
rs17689824	1	./.	1	./.	1	./.	1
rs62057153	1	./.	1	./.	1	./.	1
rs62057154	1	./.	1	./.	1	./.	1
rs62057155	1	./.	1	./.	1	./.	1
rs17689918	1	./.	1	./.	1	./.	1
rs17763199	1	./.	1	./.	1	./.	1
rs62054763	1	./.	1	./.	1	./.	1
rs56150806	1	./.	1	./.	1	./.	1
rs56289364	1	./.	1	./.	1	./.	1
rs62055483	1	./.	1	./.	1	./.	1
rs78238042	1	./.	1	./.	1	./.	1
rs62056804	1	./.	1	./.	1	./.	1
rs17564983	1	./.	1	./.	1	./.	1
rs62061716	1	./.	1	./.	1	./.	1
rs17565025	1	./.	1	./.	1	./.	1
rs77924424	1	./.	1	./.	1	./.	1
rs62061719	1	./.	1	./.	1	./.	1
rs17650381	1	./.	1	./.	1	./.	1
rs17650417	1	./.	1	./.	1	./.	1
rs62061720	1	./.	1	./.	1	./.	1
rs62061721	1	./.	1	./.	1	./.	1
rs62061733	1	./.	1	./.	1	./.	1
rs62061734	1	./.	1	./.	1	./.	1
rs7210219	1	./.	1	./.	1	./.	1
rs74903707	1	./.	1	./.	1	./.	1
rs55821155	1	./.	1	./.	1	./.	1
rs56080482	1	./.	1	./.	1	./.	1
rs62063294	1	./.	1	./.	1	./.	2
rs17650973	1	./.	1	./.	1	./.	1
rs62063295	1	./.	1	./.	1	./.	1
rs17650991	1	./.	1	./.	1	./.	1
rs62063775	1	./.	1	./.	1	./.	1
rs62063776	1	./.	1	./.	1	./.	1
rs117124984	1	./.	1	./.	1	./.	1
rs118087478	1	./.	1	./.	1	./.	1
rs77875796	1	./.	1	./.	1	./.	1
rs1800547	1	./.	1	./.	1	./.	1
rs17651213	1	./.	1	./.	1	./.	1
rs17572361	1	./.	1	./.	1	./.	1
rs17651243	1	./.	1	./.	1	./.	1
rs78104015	1	./.	1	./.	1	./.	1
rs62063777	1	./.	1	./.	1	./.	1
rs2217394	1	./.	1	./.	1	./.	1
rs17651285	1	./.	1	./.	1	./.	1
rs17572467	1	./.	1	./.	1	./.	1
rs17572495	1	./.	1	./.	1	./.	1
rs62063779	1	./.	1	./.	1	./.	1
rs62063788	1	./.	1	./.	1	./.	1
rs62063789	1	./.	1	./.	1	./.	1
rs112572874	1	./.	1	./.	1	./.	1
rs17652036	1	./.	1	./.	1	./.	1
rs62063849	1	./.	1	./.	1	./.	1
rs17652066	1	./.	1	./.	1	./.	1
rs76723223	1	./.	1	./.	1	./.	1
rs16940799	1	./.	1	./.	1	./.	1
rs7687	1	./.	1	./.	1	./.	1
rs17574361	1	./.	1	./.	1	./.	1
rs17652961	1	./.	1	./.	1	./.	1
rs7221390	1	./.	1	1	1	./.	1
rs34043286	1	./.	1	./.	1	./.	1
rs112102887	1	./.	1	./.	1	./.	1
rs112893440	1	./.	1	./.	1	./.	1
rs17576842	1	./.	1	./.	1	./.	1
rs79346219	1	./.	1	./.	1	./.	1
rs73984689	1	./.	1	./.	1	./.	1
rs111295615	1	./.	1	./.	1	./.	1
rs1918802	1	./.	./.	./.	1	./.	1
rs2696603	1	./.	1	./.	1	./.	1
rs2696602	1	./.	1	./.	1	./.	1
rs2696585	1	./.	1	./.	1	./.	1
rs2532304	1	./.	1	./.	1	./.	1
rs1055086	1	1	2	2	1	2	1
rs72975514	./.	./.	./.	./.	1	2	1
rs12975656	./.	./.	1	./.	2	2	2
rs4808967	./.	./.	./.	1	1	./.	1
rs2965156	1	2	1	2	./.	2	./.
rs16979372	./.	./.	./.	./.	./.	./.	./.
rs151161674	./.	./.	./.	./.	./.	./.	./.
rs574578352	./.	./.	./.	./.	./.	./.	./.
rs411856	./.	1	./.	./.	1	1	./.
rs434132	./.	./.	./.	./.	./.	./.	./.
rs147491548	./.	./.	./.	./.	./.	./.	./.
rs16979586	./.	./.	1	1	./.	./.	./.
rs150567157	./.	./.	./.	./.	./.	./.	./.
rs6028167	1	1	./.	1	1	1	./.
rs6065778	./.	1	1	1	./.	./.	./.
rs1537482	1	2	1	1	2	./.	2
rs62228477	1	./.	2	./.	1	1	1
rs2413602	1	./.	./.	./.	./.	1	./.
rs1883123	1	2	./.	1	2	./.	2
rs713733	1	2	1	1	2	./.	2
rs5995759	1	2	1	1	2	./.	2
rs926231	1	./.	./.	./.	./.	1	./.
rs8140771	1	./.	./.	./.	./.	1	./.
rs732381	1	./.	./.	./.	./.	1	1
rs301791	1	1	1	./.	1	1	./.
rs7520053	./.	2	./.	1	1	./.	1
rs3872223	1	./.	./.	2	1	2	./.
rs3900556	1	./.	./.	2	1	2	./.
rs10218679	1	./.	./.	2	1	2	./.
rs579728	1	./.	./.	2	1	2	./.
rs2987774	2	./.	./.	2	1	2	./.
rs4375301	./.	./.	1	./.	1	./.	./.
rs4970722	2	2	1	2	1	2	2
rs4926409	./.	./.	./.	./.	1	./.	./.
rs72694942	./.	./.	./.	./.	1	./.	./.
rs72700829	./.	./.	./.	./.	./.	./.	./.
rs11579514	1	1	./.	./.	1	./.	./.
rs3886100	2	2	1	./.	2	1	1
rs10207628	./.	./.	./.	./.	1	./.	./.
rs10207708	./.	./.	./.	./.	1	./.	./.
rs11694264	1	./.	./.	1	./.	1	1
rs13025717	./.	2	1	./.	./.	1	1
rs13025765	./.	2	1	./.	./.	1	1
rs12618593	./.	2	1	./.	./.	1	1
rs12617835	./.	2	1	./.	./.	1	1
rs34779859	1	1	1	./.	./.	1	2
rs6733839	1	1	1	./.	./.	2	2
rs72838287	1	./.	./.	./.	./.	1	1
rs72838288	1	./.	./.	./.	./.	1	1
rs56368748	1	1	1	./.	./.	1	2
rs2342558	2	2	1	2	1	./.	1
rs281759	1	2	1	2	1	2	2
rs281760	1	2	1	2	1	2	2
rs11685253	./.	2	1	./.	1	1	./.
rs11685299	./.	2	1	./.	1	1	./.
rs34537256	1	1	1	./.	1	1	./.
rs11717953	./.	1	./.	./.	./.	./.	1
rs6449168	./.	./.	./.	1	./.	1	1
rs162251	1	2	1	2	1	2	1
rs158699	1	2	2	2	2	2	2
rs34627	2	1	1	./.	./.	1	1
rs113706587	./.	1	./.	./.	./.	./.	./.
rs12214031	./.	1	1	2	./.	./.	./.
rs13218591	./.	1	1	2	./.	./.	./.
rs9393716	./.	1	1	./.	./.	./.	1
rs2295593	./.	1	1	./.	./.	./.	./.
rs200489	./.	1	1	./.	./.	./.	./.
rs45509595	./.	1	1	./.	./.	./.	./.
rs1150696	./.	1	1	./.	./.	1	./.
rs7775835	2	1	1	1	2	2	2
rs3130896	./.	1	1	./.	./.	./.	./.
rs416571	./.	./.	./.	2	2	1	2
rs3131055	./.	1	./.	1	./.	./.	./.
rs3129984	./.	1	./.	./.	./.	./.	./.
rs886424	./.	1	./.	1	./.	./.	./.
rs3101018	./.	1	1	./.	./.	./.	./.
rs433061	./.	1	1	./.	./.	./.	./.
rs427037	1	./.	./.	./.	./.	1	./.
rs6909607	./.	./.	./.	./.	./.	1	./.
rs7773030	./.	./.	1	2	2	2	1
rs9273453	./.	1	1	./.	./.	./.	./.
rs9273455	./.	1	1	./.	./.	./.	./.
rs9273459	./.	1	./.	./.	./.	./.	./.
rs9273463	./.	./.	./.	./.	./.	./.	./.
rs2854277	./.	1	1	./.	./.	./.	./.
rs9357347	1	./.	./.	./.	1	1	1
rs3800342	1	./.	./.	1	1	1	1
rs4714447	./.	./.	2	./.	./.	./.	./.
rs12699453	1	1	1	1	1	1	2
rs6950151	1	1	1	1	1	1	2
rs6964522	1	1	1	1	1	1	2
rs12536261	1	1	1	./.	1	1	2
rs6950330	1	1	1	1	1	2	2
rs2056478	1	1	1	./.	1	1	2
rs2056479	1	1	1	1	1	./.	2
rs2056480	1	1	1	./.	1	./.	2
rs73048919	1	1	1	./.	1	1	1
rs3800882	1	1	1	1	1	./.	1
rs34256128	1	1	./.	./.	1	./.	2
rs2405441	1	./.	./.	1	1	1	2
rs6948729	1	./.	./.	1	1	2	2
rs2005763	./.	./.	2	1	1	./.	./.
rs35358918	1	1	2	1	1	./.	./.
rs13240468	./.	./.	./.	./.	./.	./.	./.
rs10255133	1	./.	./.	1	./.	./.	./.
rs55773945	./.	1	./.	1	./.	./.	./.
rs11764361	./.	1	./.	./.	./.	1	2
rs7000542	./.	2	./.	./.	2	1	./.
rs7013693	./.	1	./.	./.	1	./.	./.
rs1005964	./.	1	./.	1	1	./.	./.
rs6982393	1	1	1	./.	./.	2	./.
rs1693551	1	1	./.	1	1	2	1
rs1800978	./.	./.	1	./.	./.	./.	./.
rs1799777	./.	./.	1	./.	./.	./.	./.
rs1993484	2	2	2	2	./.	2	2
rs1870138	2	2	2	2	./.	2	2
rs1870137	2	2	2	2	./.	2	2
rs284856	./.	1	1	2	1	1	1
rs284855	./.	1	1	2	1	1	1
rs284854	./.	1	2	2	1	1	1
rs1890184	2	./.	2	./.	1	1	1
rs1890185	2	./.	2	./.	1	1	1
rs11191548	1	./.	./.	./.	1	1	./.
rs12220375	1	./.	./.	./.	1	1	./.
rs11191577	2	./.	2	./.	1	1	1
rs11191580	1	./.	./.	./.	1	1	./.
rs11191582	1	./.	./.	./.	1	1	./.
rs7067970	2	./.	2	./.	1	1	1
rs74233809	1	./.	./.	./.	1	1	./.
rs79237883	1	./.	./.	./.	1	1	./.
rs55689128	2	./.	2	./.	1	1	./.
rs35525740	2	./.	./.	./.	1	1	./.
rs17126886	1	./.	./.	2	./.	./.	./.
rs12259261	1	./.	./.	2	./.	./.	./.
rs72828232	1	./.	./.	./.	./.	./.	./.
rs2060675	1	2	2	./.	2	2	2
rs7128450	1	2	1	2	2	1	2
rs11234493	1	2	1	2	2	2	2
rs637304	1	2	1	2	2	2	2
rs10710079	./.	./.	1	2	1	1	1
rs11234552	./.	./.	1	./.	./.	./.	./.
rs10792831	1	1	1	1	1	2	1
rs56295979	./.	./.	1	./.	./.	./.	./.
rs7480193	./.	./.	1	./.	./.	./.	./.
rs10792832	1	1	1	2	1	2	1
rs75279208	./.	./.	./.	./.	./.	./.	./.
rs12541	1	./.	./.	1	./.	./.	./.
rs2239017	1	1	1	2	./.	2	1
rs7133502	1	1	./.	./.	./.	2	1
rs7308351	1	1	./.	./.	./.	2	1
rs6489353	1	1	./.	1	./.	2	1
rs3829331	1	1	2	./.	2	./.	1
rs3794296	1	1	2	./.	2	./.	1
rs10774035	./.	1	./.	1	./.	./.	1
rs758117	./.	1	1	./.	./.	./.	./.
rs1427829	./.	./.	1	./.	1	1	1
rs1790106	2	./.	2	1	1	1	2
rs1790108	2	1	2	1	1	1	2
rs9549695	2	./.	./.	./.	./.	1	1
rs9549696	2	./.	./.	./.	./.	1	1
rs12588482	2	2	2	2	2	2	1
rs1952088	2	2	2	1	2	2	1
rs17125798	./.	./.	./.	./.	./.	./.	1
rs3993878	1	1	2	1	2	1	2
rs10129711	1	1	2	1	2	1	2
rs10129728	1	1	2	1	2	1	2
rs10130041	1	1	2	1	2	1	2
rs4900124	1	1	2	1	2	1	2
rs4904922	1	1	2	1	2	1	2
rs4904923	1	1	2	1	2	1	2
rs10130373	1	1	2	1	2	1	2
rs12881735	1	./.	./.	./.	1	./.	./.
rs61977322	1	1	./.	./.	1	./.	./.
rs56168984	./.	1	1	./.	./.	./.	1
rs17791722	./.	1	1	./.	./.	./.	1
rs2223937	./.	1	1	./.	1	./.	1
rs1155751	./.	1	1	./.	1	./.	1
rs10132641	2	1	1	2	2	2	1
rs73404717	./.	1	./.	1	./.	./.	./.
rs113028838	./.	1	./.	1	./.	./.	./.
rs2250583	2	2	./.	2	1	./.	2
rs55835773	1	2	1	1	2	1	1
rs55835940	1	2	1	1	2	1	1
rs11631683	1	2	1	1	2	1	1
rs11858666	1	1	1	./.	1	1	./.
rs2169357	1	./.	2	./.	1	1	1
rs61481506	./.	./.	./.	1	1	./.	1
rs35327136	1	./.	1	./.	./.	./.	1
rs62064643	1	./.	1	./.	./.	./.	1
rs34063617	1	./.	1	./.	./.	./.	1
rs55653963	1	./.	1	./.	1	./.	1
rs62054378	1	./.	1	./.	1	./.	1
rs77819001	1	./.	1	./.	1	./.	1
rs76667867	1	./.	1	./.	1	./.	1
rs62062270	1	./.	1	./.	1	./.	1
rs12150090	1	./.	1	./.	1	./.	1
rs41437445	1	./.	1	./.	1	./.	1
rs974292	1	./.	1	./.	1	./.	1
rs974291	1	./.	1	./.	1	./.	1
rs17660488	1	./.	1	./.	1	./.	1
rs3087534	1	./.	1	./.	1	./.	1
rs2526377	1	1	./.	1	./.	1	1
rs6504163	./.	1	2	2	1	2	1
rs4341	1	1	2	./.	1	2	1
rs4342	1	1	2	./.	1	2	1
rs4343	1	1	2	2	1	2	1
rs12963873	./.	./.	./.	./.	./.	1	./.
rs75364577	./.	./.	./.	./.	./.	./.	./.
rs144928319	./.	./.	./.	./.	./.	./.	./.
rs11667638	./.	./.	1	./.	2	2	2
rs2905425	2	2	2	1	2	2	1
rs2905432	2	2	2	./.	1	2	./.
rs2965183	./.	./.	./.	1	1	./.	1
rs190849199	./.	./.	./.	./.	./.	./.	./.
rs56198711	2	2	./.	2	1	2	2
rs79638902	2	2	./.	2	1	2	2
rs191805311	./.	./.	1	./.	./.	./.	./.
rs574608353	./.	./.	./.	./.	./.	./.	./.
rs200210470	./.	./.	./.	./.	1	./.	1
rs10418198	./.	./.	./.	./.	1	./.	1
rs187556678	./.	./.	./.	./.	./.	./.	./.
rs73048258	./.	./.	./.	./.	./.	./.	./.
rs149626525	./.	./.	./.	./.	./.	./.	./.
rs560898656	./.	./.	./.	./.	1	./.	1
rs111777472	./.	./.	./.	./.	./.	./.	./.
rs8113311	2	1	2	2	1	2	2
rs41289514	./.	./.	./.	./.	./.	./.	./.
rs183610051	./.	./.	./.	./.	./.	./.	./.
rs138914864	./.	./.	./.	./.	./.	./.	./.
rs412776	./.	1	./.	1	1	./.	./.
rs72654437	./.	./.	./.	./.	./.	./.	./.
rs5157	2	1	2	1	1	2	1
rs12721109	./.	./.	./.	./.	./.	./.	./.
rs7255018	./.	./.	1	./.	1	./.	./.
rs11083766	./.	1	1	./.	1	./.	2
rs11083767	./.	1	1	./.	1	./.	2
rs8102712	./.	1	1	./.	1	./.	2
rs6073591	./.	1	1	1	./.	./.	./.
rs6073593	./.	1	1	1	./.	./.	./.
rs119417	./.	./.	./.	2	./.	1	./.
rs6024870	1	./.	1	./.	./.	./.	2
rs2830510	./.	./.	./.	./.	./.	./.	./.
rs6678140	1	1	1	2	1	1	2
rs11429972	1	2	./.	./.	./.	./.	./.
rs17531412	./.	2	./.	1	1	./.	./.
rs12072739	./.	./.	1	1	1	./.	./.
rs72963738	./.	1	./.	1	1	./.	./.
rs9324389	2	1	2	1	1	2	2
rs1938569	2	1	2	1	1	2	2
rs1198574	2	1	2	1	1	2	2
rs7520930	./.	./.	./.	./.	1	./.	./.
rs12118655	./.	./.	./.	./.	1	./.	./.
rs72809838	2	./.	./.	1	./.	./.	2
rs2404174	1	./.	./.	1	./.	1	./.
rs2404175	1	./.	./.	1	./.	1	./.
rs10929006	1	1	./.	1	./.	2	1
rs1078323	./.	2	1	./.	1	./.	1
rs778371	./.	2	1	./.	1	./.	./.
rs938575	./.	2	1	./.	1	./.	./.
rs2004203	./.	2	2	1	1	1	1
rs2880986	./.	2	2	1	1	1	1
rs11675082	./.	2	2	1	1	1	1
rs2675952	./.	2	2	1	1	1	1
rs1878287	./.	2	1	./.	1	./.	./.
rs778344	./.	2	1	./.	1	1	./.
rs1980168	2	./.	1	2	1	1	2
rs1980169	2	./.	1	2	1	1	2
rs4973576	2	./.	1	2	1	1	2
rs4973582	1	./.	./.	1	./.	./.	./.
rs11885054	2	2	2	1	2	1	2
rs36171341	1	./.	1	1	./.	1	./.
rs17194490	./.	./.	./.	./.	./.	./.	./.
rs34877519	./.	./.	./.	./.	./.	./.	./.
rs7626087	./.	./.	./.	./.	./.	./.	./.
rs4642070	2	1	1	./.	./.	2	1
rs6778735	1	1	1	1	1	1	1
rs13085331	1	1	1	./.	1	1	./.
rs3733045	1	1	1	1	1	1	./.
rs3755806	1	1	1	./.	1	1	./.
rs9866243	2	1	1	2	2	2	2
rs1080500	1	./.	1	./.	./.	./.	./.
rs35709455	./.	1	./.	./.	./.	./.	1
rs3857061	./.	1	./.	1	./.	1	./.
rs356187	1	1	1	2	1	1	1
rs7701440	./.	./.	1	2	2	1	1
rs62368667	1	1	./.	./.	./.	./.	1
rs10939903	./.	1	1	2	2	1	1
rs7732234	./.	1	1	2	2	1	1
rs10223052	1	1	2	2	2	1	1
rs6865469	./.	1	2	./.	./.	./.	./.
rs6891794	./.	./.	./.	./.	1	./.	1
rs16867576	./.	./.	./.	./.	1	./.	1
rs17488630	1	./.	1	./.	1	1	1
rs11134593	2	./.	./.	1	./.	1	2
rs16891717	./.	1	1	./.	./.	./.	./.
rs3922717	./.	1	1	1	./.	./.	1
rs13207365	./.	1	1	1	./.	./.	./.
rs13191326	./.	1	1	./.	./.	./.	./.
rs12203454	./.	1	1	1	./.	./.	1
rs9468220	./.	1	2	./.	./.	./.	./.
rs13199772	./.	1	1	./.	./.	./.	./.
rs13199906	./.	1	1	./.	./.	./.	./.
rs213238	./.	1	1	2	./.	2	1
rs3131934	./.	1	./.	./.	./.	1	./.
rs3094005	./.	1	./.	./.	./.	./.	./.
rs1150755	./.	1	1	./.	./.	./.	./.
rs9473122	1	./.	./.	./.	./.	1	1
rs10224497	1	1	1	1	1	2	1
rs10808141	./.	./.	2	./.	1	1	./.
rs3779210	./.	./.	2	./.	1	1	./.
rs4496901	2	2	./.	2	1	1	2
rs57444187	1	2	1	1	1	1	1
rs10228407	1	1	1	1	1	./.	2
rs17057043	1	./.	./.	1	1	./.	1
rs10092082	1	1	./.	./.	./.	./.	./.
rs55637681	./.	./.	1	./.	1	./.	1
rs7814166	./.	./.	2	1	2	2	2
rs11136335	./.	./.	1	./.	1	./.	2
rs12774837	./.	1	1	./.	./.	./.	./.
rs7082102	1	2	2	2	./.	2	2
rs7082705	2	2	2	2	./.	2	2
rs4258322	2	2	2	2	./.	2	2
rs11191472	1	./.	./.	./.	1	1	./.
rs10883805	2	./.	2	./.	1	1	1
rs11191555	1	./.	./.	./.	1	1	./.
rs876701	1	1	./.	./.	./.	1	./.
rs61882682	1	1	./.	./.	./.	1	./.
rs61882709	1	1	./.	1	./.	1	./.
rs7130141	1	1	./.	1	./.	1	./.
rs58147945	1	1	./.	1	./.	1	./.
rs12272795	1	1	./.	./.	./.	1	./.
rs7933019	./.	./.	./.	./.	1	./.	./.
rs174528	./.	./.	1	1	./.	2	1
rs489337	2	2	2	1	2	1	1
rs561655	1	1	1	1	1	2	1
rs629343	1	1	./.	1	1	2	1
rs542126	1	1	1	1	1	2	1
rs10750025	2	2	2	2	2	2	1
rs10750450	1	1	2	2	./.	./.	./.
rs948086	./.	1	./.	./.	1	./.	1
rs11223659	./.	./.	./.	./.	1	./.	./.
rs2238050	1	1	./.	2	./.	2	1
rs1790094	2	./.	2	1	1	1	2
rs1626899	2	1	2	1	1	1	2
rs12891288	./.	1	1	1	./.	./.	./.
rs3212038	./.	1	1	./.	./.	./.	1
rs35311561	./.	1	1	./.	./.	./.	1
rs2295146	./.	1	1	1	1	./.	1
rs2295141	./.	1	1	./.	1	./.	1
rs11160761	./.	1	1	./.	1	./.	1
rs12883337	./.	1	./.	./.	./.	./.	1
rs11623546	./.	1	1	./.	1	./.	1
rs4906374	./.	1	1	./.	1	./.	1
rs11071733	./.	./.	1	./.	1	1	1
rs35763222	1	./.	./.	1	1	./.	1
rs11638554	2	./.	2	./.	1	./.	./.
rs4932177	2	./.	2	1	2	./.	1
rs4932372	2	./.	2	./.	2	./.	1
rs28455634	1	1	./.	1	./.	1	2
rs12716972	1	./.	2	1	1	1	1
rs4583255	./.	./.	2	./.	1	1	1
rs8060511	./.	2	1	2	2	2	1
rs10782001	./.	1	1	./.	1	./.	1
rs216212	1	2	./.	2	./.	1	2
rs216213	1	2	./.	2	./.	1	2
rs2955383	1	1	./.	./.	2	2	./.
rs61554907	1	./.	./.	1	./.	./.	./.
rs62064598	1	./.	1	./.	./.	./.	1
rs7222389	1	./.	1	./.	./.	./.	1
rs55648326	1	./.	1	./.	./.	./.	./.
rs9730	1	./.	1	./.	./.	./.	1
rs62064654	1	./.	1	./.	./.	./.	1
rs17631303	1	./.	1	./.	./.	./.	1
rs2077606	./.	./.	./.	./.	./.	./.	1
rs413778	1	./.	1	./.	1	./.	1
rs17687462	1	./.	1	./.	1	./.	1
rs17762308	1	./.	1	./.	1	./.	./.
rs968028	1	./.	1	./.	1	./.	1
rs1724425	1	1	2	1	1	./.	2
rs17762361	1	./.	1	./.	1	./.	1
rs62056880	1	./.	1	./.	1	./.	1
rs62056881	1	./.	1	./.	1	./.	1
rs17689104	1	./.	1	./.	1	./.	1
rs17689116	1	./.	1	./.	1	./.	1
rs2099151	1	./.	1	./.	1	./.	1
rs2082068	1	./.	1	./.	1	./.	1
rs2435204	1	./.	1	./.	1	./.	1
rs9944484	1	./.	1	./.	1	./.	./.
rs17563965	1	./.	1	./.	1	./.	1
rs12150195	1	./.	1	./.	1	./.	1
rs55874169	1	./.	1	./.	1	./.	1
rs17571857	1	./.	1	./.	1	./.	1
rs62063271	1	./.	1	./.	1	./.	1
rs112916880	1	./.	1	./.	1	./.	1
rs17575423	1	./.	1	./.	1	./.	1
rs62061790	1	./.	./.	./.	1	./.	1
rs17660398	1	./.	1	./.	1	./.	1
rs12150320	1	./.	1	./.	1	./.	1
rs4311	1	1	2	2	1	2	1
rs4362	1	1	2	1	1	2	1
rs11670190	./.	./.	1	./.	2	2	2
rs2315610	./.	./.	./.	1	1	./.	1
rs4803781	2	1	2	1	1	2	1
rs59136988	./.	./.	1	1	./.	./.	./.
rs182874927	1	./.	./.	./.	./.	./.	./.
rs181779730	./.	./.	./.	./.	./.	./.	./.
rs78073763	./.	./.	./.	./.	1	./.	2
rs74846209	./.	./.	./.	./.	./.	./.	./.
rs1048699	./.	./.	./.	./.	./.	./.	./.
rs113321260	./.	./.	./.	./.	./.	./.	./.
rs138668244	./.	./.	./.	./.	./.	./.	./.
rs2236178	1	1	2	2	1	./.	1
rs2103655	2	1	./.	2	1	1	./.
rs6124087	1	1	./.	1	1	1	./.
rs34431148	1	1	./.	1	1	1	./.
rs4812326	1	1	./.	1	1	1	./.
rs55700114	./.	1	1	1	./.	./.	./.
rs579113	./.	./.	1	1	./.	./.	1
rs2236525	1	./.	1	./.	./.	2	./.
rs1008677	1	./.	./.	./.	./.	1	./.
rs5758064	1	./.	./.	./.	2	./.	1
rs5758065	1	./.	./.	./.	2	./.	1
rs9611469	1	1	1	2	./.	2	./.
rs10779702	1	1	1	2	1	1	2
rs56335113	2	1	2	./.	2	./.	1
rs6679167	2	1	2	./.	2	./.	2
rs1498232	2	1	2	./.	2	./.	2
rs552638	./.	2	./.	2	1	./.	./.
rs4657307	./.	1	1	2	1	2	2
rs2276582	1	./.	1	2	1	2	./.
rs34854727	./.	1	./.	./.	./.	./.	./.
rs352163	2	1	1	1	1	2	./.
rs164640	2	1	1	1	1	2	./.
rs11130306	1	1	1	2	1	1	1
rs11130313	1	1	1	./.	1	1	./.
rs4687644	1	1	1	1	1	1	./.
rs13083728	./.	./.	1	./.	1	./.	./.
rs11922961	2	1	1	2	1	2	2
rs3775114	1	./.	1	1	./.	./.	1
rs78504001	./.	1	./.	./.	./.	./.	./.
rs72696665	1	2	1	1	2	1	./.
rs1363101	./.	1	1	2	2	./.	2
rs77914161	./.	./.	./.	./.	./.	./.	./.
rs9368558	./.	1	1	./.	./.	./.	./.
rs9393899	./.	1	1	./.	./.	./.	./.
rs3132672	1	2	1	./.	./.	./.	./.
rs6907621	1	2	./.	2	2	1	2
rs9394775	./.	2	./.	2	2	1	2
rs13226911	./.	./.	./.	./.	./.	2	./.
rs11768541	1	1	1	./.	./.	1	1
rs858506	1	1	2	2	1	./.	./.
rs10109834	1	2	2	1	1	1	1
rs1532279	1	1	1	1	./.	./.	./.
rs11778057	2	2	1	./.	1	./.	./.
rs72687357	./.	./.	1	./.	1	./.	1
rs1417219	1	2	2	2	./.	2	2
rs7922621	2	2	2	2	./.	2	2
rs7910643	2	2	2	2	./.	2	2
rs6586028	2	2	2	2	./.	2	2
rs6586030	2	2	2	2	./.	2	2
rs12219901	1	./.	./.	./.	1	1	./.
rs7921574	2	./.	2	./.	1	1	1
rs7067604	1	./.	./.	1	./.	./.	./.
rs7125907	1	1	./.	./.	./.	1	./.
rs2015582	./.	./.	./.	./.	1	./.	2
rs548121	1	2	1	2	2	2	2
rs34830681	1	2	1	2	2	2	2
rs3781831	./.	./.	./.	./.	./.	./.	./.
rs3781832	./.	./.	./.	1	1	./.	./.
rs1944151	./.	1	./.	./.	1	./.	1
rs2098013	1	1	./.	./.	./.	2	1
rs10774032	1	1	./.	./.	./.	2	1
rs34382810	./.	1	./.	2	1	2	1
rs10773921	2	1	2	1	1	1	2
rs61977311	1	1	./.	1	./.	1	./.
rs11259957	./.	./.	1	./.	./.	./.	1
rs7237	1	./.	2	1	1	./.	./.
rs6498488	1	1	./.	1	./.	1	1
rs4787491	./.	2	2	2	2	2	1
rs4788211	./.	2	2	2	2	2	1
rs2157990	./.	2	./.	1	1	./.	./.
rs241041	1	./.	1	./.	1	./.	1
rs393152	1	./.	1	1	1	./.	1
rs17762535	1	./.	1	./.	1	./.	1
rs62056920	1	./.	1	./.	1	./.	1
rs62056921	1	./.	1	./.	1	./.	1
rs58089049	1	2	1	1	1	2	1
rs17572627	1	./.	1	./.	1	./.	1
rs9901937	1	./.	1	./.	1	./.	1
rs17572851	1	./.	1	./.	1	./.	1
rs62063792	1	./.	1	./.	1	./.	1
rs199526	1	2	1	2	1	1	1
rs199525	1	./.	1	./.	1	./.	1
rs2927477	1	./.	1	./.	1	1	1
rs2075618	1	1	1	./.	1	1	./.
rs2075619	1	1	2	1	1	2	./.
rs34827707	./.	./.	./.	./.	./.	./.	./.
rs237478	./.	./.	1	2	./.	1	1
rs3788566	1	./.	./.	./.	./.	1	./.
rs3788567	1	./.	./.	./.	./.	1	./.
rs5758659	1	./.	1	1	1	./.	1
rs37452	2	2	2	1	1	./.	2
rs1885247	./.	1	2	./.	1	1	1
rs12077442	./.	./.	1	./.	1	./.	./.
rs72694954	./.	./.	./.	./.	1	./.	./.
rs1824849	./.	./.	./.	./.	1	./.	./.
rs72694959	./.	./.	./.	./.	1	./.	./.
rs4926412	./.	./.	./.	./.	1	./.	./.
rs2678905	2	1	1	1	1	1	1
rs34745987	./.	1	./.	./.	./.	./.	./.
rs3845674	1	2	2	1	1	2	2
rs10929007	1	2	2	1	1	2	2
rs7599054	./.	./.	./.	2	1	2	./.
rs6761919	./.	./.	1	1	1	2	1
rs7422899	./.	./.	1	./.	1	1	1
rs2889363	./.	./.	1	1	1	2	1
rs2564372	./.	1	1	1	./.	./.	1
rs10933431	1	2	2	1	2	1	2
rs10933432	2	2	2	1	2	1	2
rs141410484	1	./.	1	1	./.	1	./.
rs143865234	1	./.	1	1	./.	1	./.
rs36194657	1	./.	1	1	./.	1	./.
rs6715767	1	2	1	1	2	1	2
rs6772646	2	1	2	./.	./.	./.	1
rs28576724	2	1	2	./.	./.	./.	1
rs352140	2	1	1	1	1	2	./.
rs2164885	1	1	1	1	1	1	./.
rs11130317	1	1	1	./.	1	1	./.
rs3733041	1	1	1	1	1	1	./.
rs11130319	1	1	1	1	1	1	./.
rs2279175	./.	./.	./.	./.	1	1	./.
rs873785	2	./.	1	1	./.	./.	1
rs11248060	1	./.	./.	./.	./.	./.	./.
rs6854006	./.	./.	1	1	./.	1	./.
rs6810903	./.	./.	./.	./.	./.	1	./.
rs74664209	./.	1	./.	./.	1	./.	./.
rs79994234	./.	1	./.	./.	1	./.	./.
rs72781724	./.	./.	./.	./.	./.	./.	./.
rs2193933	2	1	1	./.	./.	2	./.
rs114841132	./.	1	./.	1	./.	./.	./.
rs67554133	./.	1	1	./.	./.	./.	./.
rs68194335	./.	1	1	./.	./.	./.	./.
rs501220	./.	1	1	2	./.	./.	./.
rs34043431	./.	1	1	./.	./.	./.	./.
rs17587226	./.	1	1	1	./.	./.	./.
rs36109883	./.	1	1	1	./.	./.	./.
rs9393704	./.	1	1	./.	./.	./.	./.
rs3118367	./.	1	1	1	./.	./.	./.
rs3135305	./.	1	1	1	./.	./.	./.
rs3135306	./.	1	1	1	./.	./.	./.
rs3118366	./.	1	1	1	./.	./.	./.
rs3118365	./.	1	1	1	./.	2	./.
rs3131096	./.	1	1	./.	./.	./.	./.
rs3118364	./.	1	1	./.	./.	./.	./.
rs3131097	./.	1	1	./.	./.	./.	./.
rs3130141	./.	1	./.	1	./.	./.	./.
rs9262143	./.	1	./.	./.	./.	./.	./.
rs3131783	./.	1	./.	1	./.	1	./.
rs2844697	./.	1	1	1	1	./.	2
rs17425622	./.	./.	./.	./.	1	2	1
rs9271550	./.	1	1	1	./.	./.	./.
rs9271579	./.	./.	./.	./.	1	2	1
rs9271594	./.	./.	./.	./.	1	2	1
rs9271608	./.	./.	./.	./.	1	2	1
rs9271619	./.	1	1	./.	./.	./.	./.
rs9275223	./.	./.	./.	./.	./.	1	1
rs12668156	1	1	1	./.	1	1	1
rs11765549	1	1	1	1	1	2	1
rs11765550	1	1	1	1	1	2	1
rs11773316	1	1	1	1	1	2	1
rs11763870	1	1	1	1	1	./.	1
rs55689856	1	1	1	1	1	2	1
rs3778977	1	1	1	./.	1	1	1
rs3778978	1	1	1	./.	1	1	1
rs1860831	1	1	1	./.	1	2	1
rs4719443	1	1	1	./.	1	2	1
rs9648346	./.	./.	1	1	1	1	./.
rs2906645	1	1	2	2	1	./.	./.
rs705867	./.	1	2	1	./.	./.	./.
rs141918023	1	1	2	2	1	./.	./.
rs35092054	1	1	2	2	1	./.	./.
rs13246354	./.	./.	./.	./.	./.	./.	./.
rs1859788	./.	./.	1	2	./.	./.	./.
rs138529507	./.	./.	1	./.	1	./.	./.
rs13281709	1	1	1	./.	./.	2	./.
rs13278601	1	1	1	./.	./.	2	./.
rs4735340	1	1	1	./.	./.	2	./.
rs1065837	./.	./.	1	./.	1	./.	2
rs7014582	./.	./.	1	2	1	./.	2
rs11993233	./.	./.	1	1	1	./.	2
rs62522555	./.	./.	1	./.	1	./.	2
rs72693398	./.	./.	1	./.	1	./.	2
rs2767713	./.	1	./.	1	./.	1	1
rs7920721	./.	./.	2	./.	1	1	1
rs4948416	./.	./.	./.	./.	1	1	1
rs7896832	2	2	2	2	./.	2	2
rs12573474	1	./.	./.	./.	./.	2	./.
rs10786701	1	./.	./.	./.	./.	2	./.
rs55781439	1	./.	./.	2	./.	./.	./.
rs975442	1	./.	./.	2	./.	./.	./.
rs731793	1	./.	./.	2	./.	./.	./.
rs9630101	1	./.	./.	2	./.	./.	./.
rs2481106	1	./.	./.	2	./.	./.	./.
rs7103808	1	1	./.	./.	2	1	2
rs61900467	1	./.	1	./.	./.	1	./.
rs10750935	1	1	./.	./.	2	1	2
rs4506675	1	1	./.	./.	2	1	2
rs10792267	1	1	./.	./.	2	1	2
rs7924433	1	1	./.	./.	2	1	2
rs174598	./.	./.	1	1	1	1	1
rs174599	./.	./.	1	1	1	1	1
rs475805	2	2	2	1	2	1	1
rs10898436	./.	./.	1	./.	./.	./.	./.
rs3844143	1	1	1	1	1	2	1
rs1790086	2	1	2	1	1	1	2
rs1790087	2	1	2	1	1	1	2
rs912012	2	./.	./.	1	./.	1	1
rs67899457	./.	1	1	./.	./.	./.	1
rs144291564	./.	./.	./.	./.	./.	./.	1
rs151151346	./.	./.	./.	./.	./.	./.	1
rs12147174	./.	./.	./.	./.	./.	./.	1
rs11846404	./.	1	1	./.	./.	./.	1
rs422632	1	2	./.	1	./.	1	1
rs11078018	1	./.	2	1	2	1	1
rs11078019	1	./.	2	1	2	1	1
rs36078910	1	./.	1	./.	./.	./.	1
rs8071011	1	./.	1	./.	./.	./.	1
rs34018943	1	./.	1	./.	./.	./.	1
rs34104358	1	./.	1	./.	./.	./.	1
rs1724411	./.	./.	./.	1	1	./.	1
rs10491140	1	./.	1	./.	1	./.	1
rs62055491	1	./.	1	./.	1	./.	1
rs34416056	1	./.	1	./.	1	./.	1
rs62055492	1	./.	1	./.	1	./.	./.
rs17651549	1	./.	1	./.	1	./.	1
rs4597358	1	./.	1	1	1	./.	1
rs77009866	1	./.	1	./.	1	./.	1
rs62062321	1	./.	1	./.	1	./.	1
rs1918795	1	./.	1	./.	1	./.	1
rs2696707	1	./.	1	./.	1	./.	1
rs2532235	1	./.	1	./.	1	./.	1
rs2532234	1	./.	1	./.	1	./.	1
rs2957316	./.	./.	./.	./.	1	./.	1
rs78625142	./.	./.	./.	./.	1	./.	1
rs12974664	./.	./.	1	./.	2	2	2
rs10414830	./.	./.	./.	1	1	./.	1
rs747050	./.	./.	./.	1	1	./.	1
rs1531517	./.	./.	./.	./.	./.	./.	./.
rs183712148	1	./.	./.	./.	./.	./.	./.
rs78620885	1	./.	./.	./.	./.	./.	./.
rs117034857	./.	./.	./.	./.	./.	./.	./.
rs6073636	./.	1	1	1	./.	./.	./.
rs73156368	1	./.	1	1	./.	./.	1
rs927174	1	1	1	./.	./.	./.	2
rs2379131	1	2	1	./.	2	./.	2
rs2379130	1	2	1	./.	2	./.	2
rs5757748	1	./.	./.	./.	./.	1	./.
rs11705236	1	2	1	1	2	./.	2
rs8140185	1	2	1	2	2	./.	2
rs3791035	./.	2	./.	1	1	./.	./.
rs11210916	./.	2	./.	1	1	./.	1
rs6424535	2	2	./.	1	2	1	1
rs6424536	2	2	./.	1	2	1	1
rs7522520	2	2	./.	1	2	1	1
rs11210180	2	2	./.	1	2	1	1
rs72843900	./.	./.	./.	./.	./.	./.	./.
rs787979	2	2	1	1	1	./.	1
rs36138569	1	./.	1	1	./.	1	./.
rs36172244	1	./.	1	1	./.	1	./.
rs145770967	1	2	1	1	2	1	2
rs36148770	1	./.	1	./.	./.	1	./.
rs36149390	1	./.	1	1	./.	1	./.
rs36180389	1	./.	1	1	./.	1	./.
rs36130536	1	./.	1	1	./.	1	./.
rs139326470	1	./.	1	1	./.	1	./.
rs2276834	1	1	1	1	1	2	./.
rs11710991	./.	1	./.	./.	./.	./.	1
rs35032109	./.	1	./.	./.	./.	./.	1
rs918253	./.	1	./.	./.	./.	./.	1
rs3775122	1	./.	./.	./.	./.	./.	./.
rs3775121	1	./.	1	1	./.	./.	1
rs3775120	1	./.	1	1	./.	./.	1
rs3775119	./.	./.	./.	./.	./.	1	./.
rs3733343	1	2	1	2	1	./.	1
rs3733344	1	2	1	1	1	./.	1
rs17237174	./.	./.	./.	./.	./.	1	./.
rs10474245	./.	./.	./.	./.	./.	./.	./.
rs62378245	./.	./.	./.	./.	1	./.	1
rs7701188	./.	./.	./.	./.	1	./.	1
rs1680571	./.	2	2	1	2	1	./.
rs10866641	2	./.	./.	1	./.	1	2
rs3132674	1	2	1	./.	./.	./.	./.
rs3132673	1	2	1	./.	./.	./.	./.
rs652888	./.	1	1	./.	./.	./.	./.
rs394439	./.	1	1	./.	./.	./.	./.
rs192675224	./.	./.	./.	./.	./.	./.	./.
rs143202663	./.	./.	./.	./.	./.	./.	./.
rs652797	./.	./.	./.	./.	./.	./.	1
rs10228057	./.	./.	1	./.	./.	2	1
rs6949794	1	1	1	./.	./.	1	1
rs4721134	1	1	1	./.	./.	1	1
rs4721135	1	1	1	./.	1	1	2
rs11761270	1	1	1	./.	1	./.	2
rs6945719	1	1	1	./.	1	./.	2
rs11765639	1	1	1	./.	./.	1	2
rs1107592	1	1	1	1	1	2	1
rs1107591	1	1	1	1	1	2	1
rs4719436	./.	./.	./.	./.	1	1	1
rs3800917	1	1	1	./.	1	1	1
rs3778987	1	1	1	./.	1	1	1
rs11981990	./.	./.	1	1	./.	1	./.
rs2272345	1	1	./.	1	1	2	2
rs2246713	./.	1	2	1	./.	./.	./.
rs1727134	1	1	2	2	1	./.	./.
rs37717	1	2	1	1	1	1	1
rs57105322	./.	2	./.	./.	2	1	./.
rs35575787	./.	1	./.	./.	1	./.	./.
rs3923388	./.	./.	1	./.	1	./.	2
rs3923387	./.	./.	1	./.	1	./.	2
rs11598027	./.	./.	1	./.	./.	./.	./.
rs11191568	1	./.	./.	./.	1	1	./.
rs12570423	1	./.	./.	2	./.	./.	./.
rs4244276	./.	./.	./.	1	./.	./.	./.
rs2291487	1	1	./.	./.	./.	1	./.
rs174592	./.	./.	1	1	1	1	1
rs174593	./.	./.	1	1	1	./.	1
rs524281	2	2	2	1	2	1	1
rs2077815	1	2	1	2	2	2	2
rs2508690	1	1	./.	1	1	1	1
rs2000853	./.	./.	./.	./.	1	./.	./.
rs7122746	./.	./.	./.	./.	1	./.	./.
rs7106806	./.	./.	./.	./.	1	./.	./.
rs769087	./.	1	./.	1	./.	./.	1
rs2238057	./.	1	./.	2	./.	1	1
rs2896209	1	1	2	1	2	1	2
rs4406992	1	1	2	1	2	1	2
rs12435220	1	1	2	1	2	1	2
rs8008388	1	1	2	1	2	1	2
rs12883528	1	1	2	1	2	1	2
rs12893668	./.	1	1	1	./.	./.	1
rs2273175	./.	1	1	./.	./.	./.	1
rs3212090	./.	1	1	./.	./.	./.	2
rs4906363	./.	1	1	./.	./.	./.	1
rs7179399	2	2	./.	1	./.	./.	2
rs34591918	./.	./.	2	./.	1	./.	./.
rs35407501	./.	./.	2	./.	1	./.	./.
rs2019611	2	./.	2	./.	./.	./.	./.
rs1420044	./.	./.	./.	1	./.	1	1
rs12325003	./.	./.	1	./.	./.	1	./.
rs9897761	1	1	./.	./.	2	2	./.
rs6502632	1	1	./.	./.	2	2	./.
rs7212167	1	1	./.	./.	2	2	./.
rs7217858	./.	./.	1	1	./.	./.	./.
rs4763	1	./.	./.	./.	./.	./.	1
rs62055698	1	./.	1	./.	1	./.	1
rs17761046	1	./.	1	./.	1	./.	1
rs62055716	1	./.	1	./.	1	./.	1
rs6503443	1	./.	1	1	1	./.	1
rs74464991	1	./.	1	./.	1	./.	1
rs62054429	1	./.	1	./.	1	./.	1
rs76171147	1	./.	1	./.	1	./.	1
rs76329216	1	./.	1	./.	1	./.	1
rs62054846	1	./.	1	./.	1	./.	./.
rs55646970	1	./.	1	./.	1	./.	1
rs55673092	1	./.	1	./.	1	./.	1
rs62055461	1	./.	1	./.	1	./.	1
rs62055462	1	./.	1	./.	1	./.	1
rs62055463	1	./.	1	./.	1	./.	1
rs77652965	1	./.	1	./.	1	./.	1
rs56127309	1	./.	1	./.	1	./.	1
rs56194412	1	./.	1	./.	1	./.	1
rs56338487	1	./.	1	./.	1	./.	1
rs62062806	1	./.	1	./.	1	./.	1
rs55978005	1	./.	1	./.	1	./.	1
rs1918799	1	./.	1	./.	1	./.	1
rs17594721	./.	./.	./.	./.	./.	./.	./.
rs10417824	./.	1	1	1	1	./.	./.
rs1469713	./.	./.	./.	1	1	./.	1
rs1469712	./.	./.	./.	1	1	./.	1
rs144928608	./.	./.	./.	./.	./.	./.	./.
rs111780744	./.	./.	./.	./.	./.	./.	./.
rs200323909	./.	./.	./.	./.	./.	./.	./.
rs6071578	2	1	./.	1	1	1	./.
rs6121975	1	2	1	1	2	./.	2
rs466448	./.	1	1	1	1	2	./.
rs132582	1	2	2	1	1	./.	2
rs6001638	1	2	1	1	2	./.	2
rs6001639	1	2	1	1	2	./.	2
rs2819336	2	./.	./.	1	./.	2	2
rs11580258	./.	./.	./.	1	2	./.	./.
rs17258843	./.	./.	1	./.	1	1	1
rs2404781	./.	./.	1	./.	1	1	1
rs4844610	2	2	2	2	2	2	2
rs111897541	./.	./.	./.	./.	./.	./.	./.
rs788014	2	2	1	1	1	./.	1
rs2045245	2	2	1	2	1	1	1
rs6705834	1	./.	./.	./.	./.	./.	./.
rs6605277	1	./.	./.	./.	./.	./.	./.
rs1135173	1	2	1	1	2	1	2
rs36189208	1	./.	1	1	./.	1	./.
rs36181881	1	./.	1	1	./.	1	./.
rs28539971	1	2	1	1	2	1	2
rs35877172	1	2	1	1	2	1	2
rs28605534	1	2	1	1	2	1	2
rs28609111	1	2	1	1	2	1	2
rs28576692	1	2	1	1	2	1	2
rs13060675	1	1	1	./.	1	1	./.
rs13081031	1	./.	1	./.	1	1	./.
rs11130310	1	1	1	1	1	1	./.
rs56223707	./.	./.	./.	./.	1	1	./.
rs17016188	./.	1	./.	1	./.	1	./.
rs6449528	./.	./.	1	2	2	1	1
rs4604142	./.	./.	1	2	2	1	1
rs1264706	./.	1	1	./.	./.	./.	./.
rs1264705	./.	1	1	./.	./.	./.	./.
rs11158	./.	1	1	./.	./.	./.	./.
rs886425	./.	1	./.	1	./.	./.	./.
rs2517576	./.	2	./.	./.	./.	1	1
rs3093958	./.	1	./.	./.	./.	./.	./.
rs3132089	./.	1	./.	./.	./.	./.	./.
rs3099839	./.	./.	./.	./.	./.	./.	./.
rs71536127	./.	./.	./.	./.	./.	./.	./.
rs9268405	./.	./.	./.	./.	2	./.	1
rs9268406	./.	./.	./.	./.	2	./.	1
rs9268407	./.	./.	./.	./.	2	./.	1
rs9268409	./.	./.	./.	./.	2	./.	1
rs9268412	./.	./.	./.	./.	2	./.	1
rs116784811	./.	./.	1	2	./.	./.	./.
rs143332484	./.	./.	./.	./.	./.	./.	./.
rs75932628	./.	./.	./.	./.	./.	./.	./.
rs9296558	1	./.	./.	./.	./.	1	1
rs9296559	1	./.	./.	./.	./.	1	1
rs12670737	1	1	1	1	1	2	1
rs6461687	./.	./.	2	2	1	./.	2
rs6461688	./.	./.	2	2	1	./.	1
rs6955349	./.	./.	2	./.	1	1	./.
rs4976977	./.	./.	1	1	1	2	1
rs4976978	./.	./.	1	1	1	2	1
rs11191337	./.	./.	./.	./.	./.	2	./.
rs3824756	1	./.	./.	./.	./.	2	./.
rs284858	./.	1	1	2	1	1	1
rs78260931	1	./.	./.	./.	1	1	./.
rs79082900	1	./.	./.	./.	1	1	./.
rs617135	1	1	2	2	1	./.	./.
rs7933202	1	./.	2	./.	./.	./.	./.
rs667897	1	1	2	2	1	./.	./.
rs11237176	1	./.	./.	1	1	./.	2
rs673751	1	1	1	2	1	1	1
rs61904266	1	1	./.	./.	1	2	2
rs12283429	./.	1	./.	1	./.	./.	./.
rs1617156	2	./.	2	2	1	1	2
rs35569628	2	./.	./.	1	./.	1	1
rs12584008	2	./.	./.	./.	./.	1	1
rs2316463	2	./.	./.	1	./.	1	1
rs4906337	./.	1	1	./.	./.	./.	1
rs3861678	2	1	1	2	2	2	1
rs2018400	2	2	1	1	1	2	1
rs7200879	1	./.	1	./.	1	1	1
rs2246287	./.	./.	1	2	./.	1	./.
rs4793083	2	2	1	1	2	1	./.
rs62064637	1	./.	1	./.	./.	./.	1
rs17691328	1	./.	1	./.	1	./.	1
rs79065019	1	./.	1	./.	1	./.	1
rs876944	1	./.	1	./.	1	./.	1
rs2316951	1	./.	1	./.	1	./.	1
rs2316952	1	./.	1	./.	1	./.	1
rs2532309	./.	./.	1	./.	1	./.	1
rs2696594	./.	./.	1	./.	1	./.	1
rs67732273	1	./.	1	./.	1	./.	1
rs2532308	1	./.	1	./.	1	./.	1
rs70602	1	2	1	2	1	2	1
rs70600	1	./.	1	./.	1	./.	1
rs4333	1	1	2	./.	1	2	2
rs1054930	./.	./.	./.	1	1	./.	1
rs75055104	./.	./.	./.	./.	./.	./.	./.
rs13344267	./.	1	1	1	./.	./.	./.
rs10422568	./.	./.	./.	./.	./.	./.	./.
rs2965162	./.	1	./.	1	./.	./.	./.
rs10422350	1	1	./.	./.	./.	./.	./.
rs1871045	2	./.	1	2	1	1	1
rs34278513	./.	1	./.	./.	1	./.	./.
rs34224078	./.	1	./.	1	1	./.	./.
rs35879138	./.	1	./.	1	1	./.	./.
rs59678362	./.	./.	./.	1	./.	./.	./.
rs59839536	./.	./.	./.	1	./.	./.	./.
rs10409909	./.	./.	./.	./.	./.	1	./.
rs10411314	./.	./.	./.	./.	./.	1	./.
rs10410003	./.	./.	./.	./.	./.	1	./.
rs10410561	./.	./.	./.	./.	./.	1	./.
rs10411743	./.	./.	./.	./.	./.	1	./.
rs56187099	./.	./.	./.	./.	./.	1	./.
rs537231770	./.	./.	./.	./.	./.	./.	./.
rs6014720	1	./.	1	./.	./.	1	1
rs1013793	./.	2	./.	1	1	./.	1
rs1029632	./.	2	./.	1	1	./.	1
rs56049505	1	./.	./.	./.	./.	1	./.
rs6760600	2	2	1	2	1	1	1
rs6719483	2	2	1	1	1	1	1
rs2289911	./.	2	1	./.	1	./.	1
rs7646741	1	1	1	1	1	1	./.
rs11719137	2	1	1	2	1	2	2
rs56214994	2	1	1	2	1	2	2
rs4687689	2	1	1	2	2	2	2
rs16832165	./.	1	./.	./.	./.	./.	1
rs34161981	./.	1	./.	./.	./.	./.	1
rs45485691	./.	./.	./.	./.	./.	./.	1
rs2447828	2	1	1	./.	./.	./.	./.
rs13164092	2	1	1	./.	1	2	2
rs210155	./.	1	2	2	1	1	./.
rs210156	1	1	2	2	2	2	./.
rs10950413	1	1	1	./.	1	1	2
rs12536062	1	1	1	./.	./.	1	2
rs2057883	2	2	./.	./.	1	1	2
rs6983790	./.	./.	2	1	2	1	2
rs4309187	2	2	2	2	2	2	2
rs2276097	./.	1	./.	./.	1	./.	1
rs2276098	./.	1	./.	./.	1	./.	1
rs73034295	./.	./.	./.	./.	1	1	./.
rs10774034	1	1	./.	./.	./.	./.	1
rs3803405	1	./.	2	./.	1	./.	./.
rs4630591	./.	./.	1	./.	1	./.	1
rs4606752	1	./.	1	./.	1	./.	./.
rs185122966	./.	./.	./.	./.	./.	./.	./.
rs11702792	2	1	2	1	./.	1	1
rs61787782	./.	./.	1	./.	1	./.	./.
rs11165921	2	2	1	1	1	2	2
rs10875111	2	2	1	2	1	2	2
rs12067700	./.	1	1	1	1	./.	./.
rs2314398	2	./.	./.	1	./.	./.	2
rs72843817	./.	./.	./.	./.	./.	./.	./.
rs787994	2	2	1	1	1	./.	1
rs2565164	2	2	1	2	1	./.	1
rs1106399	1	./.	1	./.	1	./.	./.
rs6704763	2	./.	1	2	1	1	1
rs6704768	2	./.	./.	2	1	1	1
rs10210953	./.	2	1	1	1	1	1
rs2336545	1	1	1	./.	1	1	./.
rs13097727	./.	1	./.	./.	./.	./.	1
rs2737024	1	1	1	./.	./.	1	1
rs2583959	1	1	1	./.	./.	1	1
rs2583966	1	1	1	./.	./.	1	1
rs1372511	./.	1	./.	1	1	./.	./.
rs3775474	./.	1	./.	1	1	./.	./.
rs1038144	1	2	2	2	2	2	2
rs13212534	./.	1	1	1	./.	./.	./.
rs67457459	./.	1	1	./.	./.	./.	./.
rs13212921	./.	1	1	./.	./.	./.	./.
rs13211166	./.	1	1	./.	./.	./.	./.
rs13195636	./.	1	1	./.	./.	./.	./.
rs67652222	./.	1	1	./.	./.	./.	./.
rs1233583	./.	1	1	1	./.	./.	./.
rs3131343	./.	1	1	1	./.	./.	./.
rs4706184	2	./.	1	1	1	2	./.
rs217328	2	./.	1	./.	1	2	./.
rs11787519	2	2	1	./.	1	./.	./.
rs6558406	./.	./.	2	2	1	./.	2
rs7822511	./.	./.	1	2	1	./.	2
rs13377046	1	./.	./.	2	./.	./.	./.
rs9630102	1	./.	./.	2	./.	./.	./.
rs60722866	1	1	./.	1	./.	1	./.
rs1820430	1	./.	2	./.	./.	./.	./.
rs174583	./.	./.	1	./.	./.	1	1
rs97384	2	2	1	./.	2	1	1
rs2324314	1	1	./.	2	./.	1	1
rs10894767	1	./.	./.	./.	1	./.	./.
rs35372971	./.	./.	2	./.	1	./.	./.
rs4842852	./.	./.	2	./.	1	./.	./.
rs62056917	1	./.	1	./.	1	./.	1
rs4341787	1	./.	1	./.	1	./.	1
rs4523962	1	./.	1	./.	1	./.	1
rs4327090	1	./.	1	./.	1	./.	1
rs3885074	1	./.	1	./.	1	./.	1
rs3885075	1	./.	1	./.	1	./.	1
rs41280116	1	./.	1	./.	1	./.	1
rs34283254	1	./.	1	./.	1	./.	1
rs1912151	1	./.	1	./.	1	./.	1
rs55996632	1	./.	1	./.	1	./.	1
rs55886302	1	./.	1	./.	1	./.	1
rs12150516	1	./.	1	./.	1	./.	1
rs62063680	1	./.	1	./.	1	./.	1
rs62063681	1	./.	1	./.	1	./.	1
rs62063682	1	./.	1	./.	1	./.	1
rs62063683	1	./.	1	./.	1	./.	1
rs715170	2	./.	2	./.	1	./.	1
rs2157360	./.	2	./.	1	1	./.	1
rs4822008	1	1	1	2	./.	1	./.
rs2661863	1	1	1	2	1	1	2
rs4515823	./.	2	2	./.	1	./.	2
rs823106	2	2	2	1	1	2	2
rs72843896	./.	./.	./.	./.	./.	./.	./.
rs6743157	1	./.	1	./.	2	1	1
rs10498163	./.	2	1	./.	1	1	./.
rs17195098	2	1	1	./.	./.	./.	1
rs648514	1	1	1	1	1	1	2
rs480162	./.	2	1	./.	2	2	1
rs654237	./.	2	1	./.	2	2	1
rs73209865	1	./.	1	1	./.	./.	1
rs2904297	1	2	2	2	./.	2	1
rs2032794	1	./.	./.	./.	./.	./.	./.
rs9295661	2	1	2	2	2	2	2
rs9379780	./.	1	1	2	./.	2	1
rs68072215	./.	1	1	./.	./.	./.	./.
rs66823108	./.	1	1	./.	./.	./.	./.
rs2235251	./.	1	1	./.	./.	./.	./.
rs3129977	./.	./.	./.	1	./.	./.	./.
rs2252074	./.	./.	2	./.	1	1	./.
rs37714	1	2	1	1	1	1	1
rs37715	1	2	1	1	1	1	1
rs13239254	1	./.	1	./.	1	1	./.
rs4735339	1	1	1	./.	./.	2	./.
rs11596252	./.	./.	1	./.	./.	./.	./.
rs756208	1	2	2	2	./.	2	2
rs17878846	1	./.	./.	./.	1	1	./.
rs4917997	2	./.	2	./.	1	1	1
rs7077097	2	./.	2	./.	1	1	1
rs958086	1	./.	./.	2	./.	./.	./.
rs10792830	1	1	./.	1	1	2	1
rs2238053	1	1	./.	./.	./.	2	1
rs4765914	2	2	2	./.	2	2	1
rs10774037	2	2	2	./.	2	2	1
rs7299943	./.	1	./.	./.	1	1	./.
rs9549710	2	./.	./.	1	./.	1	1
rs9549361	2	./.	./.	1	./.	1	1
rs2302754	2	./.	./.	1	./.	1	1
rs2302755	2	./.	./.	1	./.	1	1
rs3861720	2	./.	./.	1	./.	1	1
rs3861721	2	./.	./.	1	./.	1	1
rs7994324	2	./.	./.	1	./.	1	1
rs9324063	./.	1	1	1	./.	./.	./.
rs12147596	./.	1	1	./.	./.	./.	./.
rs4906364	./.	1	1	./.	./.	./.	1
rs7142769	./.	./.	./.	./.	./.	./.	./.
rs4906365	./.	1	1	./.	1	./.	1
rs77451807	./.	1	1	./.	./.	./.	./.
rs4561406	1	2	1	1	2	1	1
rs4775416	1	2	1	1	2	1	1
rs111340278	1	2	1	1	1	2	./.
rs11856299	./.	./.	1	./.	./.	./.	1
rs11637142	1	./.	2	./.	1	./.	./.
rs55929431	1	./.	1	./.	1	./.	1
rs8079501	1	./.	1	./.	1	./.	1
rs56002706	1	./.	1	./.	1	./.	1
rs62061809	./.	./.	1	./.	1	./.	1
rs62061810	./.	./.	1	./.	1	./.	1
rs17661141	1	./.	1	./.	1	./.	1
rs2696684	1	./.	1	./.	1	./.	1
rs17585644	1	./.	1	./.	1	./.	1
rs2696659	1	./.	1	./.	1	./.	1
rs740707	1	./.	1	./.	1	./.	1
rs17665188	./.	./.	./.	./.	1	./.	1
rs111856473	1	./.	1	./.	1	./.	1
rs74839514	./.	./.	1	./.	1	./.	1
rs17509991	./.	./.	./.	./.	./.	./.	./.
rs72936308	./.	./.	./.	./.	./.	./.	1
rs72936329	./.	./.	./.	./.	./.	./.	1
rs1132899	2	1	2	1	1	2	1
rs7531165	./.	2	./.	./.	1	./.	1
rs489543	1	./.	./.	2	1	2	./.
rs473368	2	./.	./.	2	1	2	./.
rs10789373	./.	2	2	1	1	1	1
rs4058847	./.	./.	./.	./.	1	./.	./.
rs56212907	./.	./.	./.	./.	1	./.	./.
rs7555080	./.	./.	./.	./.	1	./.	./.
rs112245786	./.	./.	./.	./.	1	./.	./.
rs112814713	./.	./.	./.	./.	1	./.	./.
rs1105209	./.	./.	./.	./.	1	./.	./.
rs2163548	1	./.	1	./.	1	./.	./.
rs1369841	1	./.	1	./.	2	1	1
rs3754797	1	./.	1	./.	2	1	1
rs2675968	./.	2	1	./.	1	1	./.
rs62233819	1	./.	1	./.	1	./.	1
rs17052256	1	1	1	1	1	1	./.
rs17052259	1	1	1	1	1	1	./.
rs3796353	1	1	1	1	1	1	./.
rs9825700	2	1	1	2	./.	./.	1
rs11708198	./.	1	./.	./.	./.	./.	1
rs12651271	1	./.	./.	./.	./.	./.	./.
rs56307842	./.	./.	./.	./.	1	1	./.
rs4504245	1	2	2	2	./.	1	1
rs11943367	1	./.	1	./.	./.	1	1
rs79956144	./.	1	./.	./.	./.	./.	./.
rs2545493	1	2	2	2	2	2	2
rs34635	./.	1	1	./.	1	1	1
rs34634	2	1	1	./.	./.	1	1
rs40506	2	1	1	./.	./.	1	1
rs173823	1	./.	1	./.	./.	./.	./.
rs7752643	./.	1	./.	1	1	2	1
rs960145	1	1	1	2	./.	1	./.
rs12669937	1	1	1	./.	1	./.	2
rs4719391	1	1	1	1	1	2	1
rs13227554	1	1	1	1	1	./.	1
rs2008263	1	1	1	1	1	2	1
rs37718	1	2	1	1	1	1	1
rs40372	1	./.	1	1	1	1	1
rs13262595	./.	./.	1	1	2	2	2
rs34643171	./.	./.	1	1	1	2	1
rs13438979	./.	./.	1	1	1	2	1
rs10509129	./.	./.	./.	./.	1	1	1
rs10994308	./.	./.	./.	./.	1	1	1
rs10748526	2	2	2	2	./.	2	2
rs17126890	1	./.	./.	2	./.	./.	./.
rs55897175	1	./.	./.	2	./.	./.	./.
rs61882702	./.	./.	./.	./.	./.	1	./.
rs4515997	./.	./.	./.	1	./.	./.	./.
rs4765905	./.	1	./.	1	./.	./.	1
rs4765913	2	1	2	2	2	2	1
rs2851447	2	1	2	1	1	1	2
rs12889403	./.	1	1	./.	./.	./.	1
rs12890820	./.	1	1	./.	./.	./.	1
rs12889721	./.	1	1	./.	./.	./.	1
rs1040813	./.	1	1	./.	1	./.	./.
rs28498264	1	./.	./.	1	./.	2	1
rs17359001	./.	./.	1	./.	./.	./.	1
rs62011709	./.	./.	1	./.	./.	./.	1
rs12915390	1	./.	2	./.	1	./.	./.
rs12911210	1	./.	2	./.	1	./.	./.
rs150967	./.	./.	2	./.	1	./.	./.
rs7199910	./.	1	1	1	./.	1	1
rs2942167	1	./.	1	./.	1	./.	1
rs2942166	1	./.	1	1	1	./.	1
rs62054435	1	./.	1	./.	1	./.	1
rs75715199	1	./.	1	./.	1	./.	./.
rs62054436	1	./.	1	./.	1	./.	1
rs62054437	1	./.	1	./.	1	./.	1
rs916793	1	./.	1	./.	1	./.	1
rs17649635	1	./.	1	./.	1	./.	1
rs55760800	1	./.	1	./.	1	./.	1
rs56303672	1	./.	1	./.	1	./.	1
rs62062784	1	./.	1	./.	1	./.	1
rs62062785	1	./.	1	./.	1	./.	1
rs62062786	1	./.	1	./.	1	./.	1
rs62063303	1	./.	1	./.	1	./.	1
rs75242405	1	./.	1	./.	1	./.	1
rs17651093	1	./.	1	./.	1	./.	1
rs919461	1	./.	1	./.	1	./.	1
rs919462	1	./.	1	./.	1	./.	1
rs919464	1	./.	1	./.	1	./.	1
rs62063794	1	./.	1	./.	1	./.	1
rs7228846	./.	./.	./.	./.	./.	./.	./.
rs72930759	./.	./.	./.	./.	./.	./.	./.
rs562497749	./.	./.	./.	./.	1	./.	./.
rs10413253	1	./.	./.	1	./.	1	./.
rs75463276	./.	./.	./.	./.	./.	./.	./.
rs237476	./.	./.	./.	2	./.	1	./.
rs1076614	1	2	1	1	2	./.	2
rs6002271	1	1	1	2	./.	1	./.
rs2070902	1	./.	./.	1	1	1	1
rs113112754	./.	./.	./.	./.	./.	./.	./.
rs4663104	1	./.	./.	./.	./.	1	1
rs893432	1	./.	./.	1	./.	2	1
rs6430538	./.	./.	2	2	1	2	./.
rs10178946	2	2	1	1	1	1	1
rs1653290	1	2	1	2	1	1	2
rs10445791	1	./.	1	./.	1	./.	./.
rs16866061	./.	2	1	./.	1	1	./.
rs11535	./.	2	1	./.	1	1	./.
rs2675953	./.	2	1	./.	1	1	./.
rs7630552	2	1	1	2	1	2	2
rs10865977	2	1	1	2	2	2	2
rs2336667	2	1	1	2	2	2	2
rs4488803	1	./.	./.	1	./.	./.	2
rs73207791	./.	./.	./.	./.	1	1	./.
rs11724635	2	1	1	1	1	1	1
rs4266290	./.	./.	./.	1	./.	1	1
rs4403048	./.	./.	./.	1	./.	1	1
rs4698412	2	1	1	1	1	1	1
rs61367113	1	./.	./.	./.	./.	./.	./.
rs16867571	./.	./.	./.	./.	1	./.	1
rs10479297	./.	1	1	2	2	./.	2
rs2431108	1	./.	1	./.	./.	./.	./.
rs2447827	2	1	1	./.	./.	./.	./.
rs410915	./.	1	1	2	2	2	2
rs16891725	./.	1	1	./.	./.	./.	./.
rs200983	./.	1	./.	./.	./.	./.	./.
rs967005	./.	1	1	./.	./.	1	./.
rs3094024	./.	1	./.	./.	./.	./.	./.
rs1634721	./.	1	./.	./.	./.	./.	./.
rs91894	2	./.	1	./.	1	2	./.
rs11761670	1	1	1	./.	./.	1	1
rs34269264	1	1	1	./.	1	1	2
rs35582663	1	1	1	./.	1	1	2
rs10241415	2	2	./.	2	1	1	2
rs17515931	1	1	1	./.	./.	./.	./.
rs284860	./.	1	1	2	1	1	1
rs7096169	2	./.	1	./.	1	1	./.
rs1926030	2	./.	2	./.	1	1	1
rs10786740	2	./.	2	./.	1	1	1
rs59042914	./.	./.	./.	2	./.	./.	./.
rs58096078	./.	./.	./.	2	./.	./.	./.
rs10769263	./.	./.	1	./.	1	./.	./.
rs34862992	1	1	./.	./.	2	1	2
rs636317	1	2	1	2	2	1	2
rs636341	1	2	1	2	2	1	2
rs174541	./.	./.	1	./.	./.	1	1
rs567075	1	1	1	2	1	2	1
rs10898437	./.	./.	1	./.	./.	./.	./.
rs2374702	1	1	./.	1	1	2	1
rs60228070	./.	./.	./.	./.	./.	./.	./.
rs76490923	./.	./.	./.	./.	./.	./.	./.
rs12284540	1	1	2	./.	./.	./.	./.
rs1606	./.	1	1	./.	./.	./.	1
rs12434433	1	./.	1	./.	./.	2	1
rs34342559	1	./.	2	./.	1	./.	./.
rs62019472	1	./.	2	./.	1	./.	./.
rs35557864	1	./.	2	./.	1	./.	./.
rs61074241	1	./.	2	./.	1	./.	./.
rs7204852	./.	2	1	2	2	2	1
rs12446759	1	2	./.	./.	1	./.	2
rs12446781	1	2	./.	./.	1	./.	2
rs12444183	1	2	./.	./.	1	./.	2
rs12444189	1	2	./.	./.	1	./.	2
rs4407053	1	2	./.	./.	1	./.	2
rs4544235	1	2	./.	./.	1	./.	2
rs34716007	./.	./.	./.	1	1	./.	1
rs55756850	./.	./.	./.	1	1	./.	1
rs228768	2	2	./.	./.	2	1	2
rs1864325	1	./.	1	./.	1	./.	1
rs28646281	1	./.	1	./.	1	./.	1
rs62056795	1	./.	1	./.	1	./.	1
rs62056796	1	./.	1	./.	1	./.	1
rs55691306	1	./.	1	./.	1	./.	1
rs62061731	1	./.	1	./.	1	./.	1
rs62061732	1	./.	1	./.	1	./.	1
rs1052551	1	./.	1	./.	1	./.	1
rs62063799	1	./.	1	./.	1	./.	1
rs62063800	1	./.	1	./.	1	./.	1
rs784251	1	./.	1	1	2	2	2
rs1865034	./.	./.	./.	1	1	./.	1
rs186719419	./.	./.	./.	./.	./.	./.	./.
rs2927487	./.	1	./.	./.	1	./.	./.
rs187010311	./.	./.	./.	./.	./.	./.	./.
rs140526515	./.	./.	./.	./.	./.	./.	./.
rs204474	2	1	./.	1	1	1	2
rs16979600	./.	./.	1	1	./.	./.	./.
rs204473	2	2	2	2	2	2	2
rs76856627	./.	./.	./.	./.	./.	./.	./.
rs1560725	1	1	./.	1	2	./.	./.
rs6064392	1	./.	1	./.	./.	./.	1
rs6062183	1	2	1	1	2	./.	2
rs12035848	./.	1	2	./.	1	1	1
rs1198582	2	1	1	1	1	2	2
rs3098341	1	2	1	2	1	2	2
rs1973675	2	./.	1	2	1	1	1
rs55644704	2	1	1	./.	./.	2	1
rs2601	./.	1	./.	./.	./.	./.	1
rs1805611	./.	1	./.	./.	./.	./.	1
rs112624774	./.	1	./.	./.	1	./.	./.
rs75260318	./.	1	./.	./.	1	./.	./.
rs10455065	./.	1	1	2	2	./.	2
rs10455066	./.	1	1	2	2	./.	2
rs2018142	./.	1	1	2	2	./.	2
rs2973161	2	1	1	2	1	1	1
rs9468286	./.	1	1	./.	./.	./.	./.
rs13203816	./.	1	1	./.	./.	./.	./.
rs9468287	./.	1	1	./.	./.	./.	./.
rs3778969	1	1	1	./.	1	1	1
rs4719431	1	1	1	1	1	1	1
rs4719432	1	1	1	1	1	2	1
rs814421	./.	2	./.	./.	2	1	./.
rs12545056	./.	./.	1	1	1	2	1
rs12545057	./.	./.	1	1	1	2	1
rs55777218	1	./.	1	1	./.	1	./.
rs11603415	./.	./.	./.	./.	1	./.	2
rs626542	1	2	1	2	2	2	2
rs606505	1	1	1	2	1	1	1
rs654194	1	2	1	2	2	2	2
rs3213878	./.	./.	./.	1	1	./.	1
rs2532291	1	./.	1	./.	1	./.	1
rs2532289	1	./.	1	1	1	./.	1
rs2732587	./.	./.	./.	./.	1	./.	1
rs3754619	1	./.	./.	./.	./.	1	./.
rs3754617	1	./.	./.	./.	./.	1	./.
rs1569178	1	./.	1	./.	1	./.	./.
rs2061846	./.	./.	./.	./.	1	1	./.
rs356181	1	./.	1	1	1	1	./.
rs9348715	./.	1	1	2	./.	./.	./.
rs9393715	./.	1	1	./.	./.	./.	./.
rs9348716	./.	1	1	./.	./.	./.	./.
rs9379871	./.	1	1	./.	./.	./.	./.
rs17273094	./.	./.	1	1	./.	1	./.
rs1727133	1	1	2	1	1	./.	./.
rs11343326	./.	./.	2	2	1	./.	./.
rs17151140	./.	2	./.	./.	2	1	./.
rs7909286	1	./.	1	./.	1	1	1
rs7909591	1	./.	1	./.	1	1	1
rs12574668	1	1	./.	1	./.	1	./.
rs2171668	1	1	./.	1	./.	1	./.
rs2171667	1	1	./.	1	./.	1	./.
rs17601612	./.	./.	./.	./.	./.	./.	./.
rs7948028	./.	./.	./.	./.	./.	./.	./.
rs36026988	1	./.	./.	./.	1	./.	./.
rs11160071	1	1	2	1	2	1	2
rs7177514	2	./.	./.	1	./.	2	1
rs6495308	2	./.	./.	1	./.	2	1
rs12443170	1	./.	./.	1	./.	./.	1
rs12440014	2	./.	./.	1	1	2	1
rs748455	1	./.	2	./.	1	./.	./.
rs7207464	./.	./.	1	2	./.	1	./.
rs12944572	./.	./.	1	2	./.	1	./.
rs385691	1	./.	1	./.	1	./.	1
rs56108117	1	./.	1	./.	1	./.	1
rs56378021	1	./.	1	./.	1	./.	1
rs55651627	1	./.	1	./.	1	./.	1
rs112155389	1	./.	1	./.	1	./.	1
rs62055697	1	./.	1	./.	1	./.	1
rs56323722	1	./.	1	./.	1	./.	1
rs35282504	1	./.	1	./.	1	./.	1
rs62055875	1	./.	1	./.	1	./.	1
rs62055876	1	./.	1	./.	1	./.	1
rs76294809	1	./.	1	./.	1	./.	1
rs75916678	1	./.	1	./.	1	./.	1
rs79730878	1	./.	1	./.	1	./.	1
rs1984937	1	./.	1	./.	1	./.	1
rs62056802	1	./.	1	./.	1	./.	1
rs17564493	1	./.	1	./.	1	./.	1
rs17649918	1	./.	1	./.	1	./.	1
rs17649954	1	./.	1	./.	1	./.	1
rs55685451	1	./.	1	./.	1	./.	1
rs17564591	1	./.	1	./.	1	./.	1
rs17564619	1	./.	1	./.	1	./.	1
rs62062274	1	./.	1	./.	1	./.	1
rs62062275	./.	./.	1	./.	1	./.	1
rs62062276	1	./.	./.	./.	1	./.	1
rs4305	1	1	2	./.	1	2	1
rs72930774	./.	./.	./.	./.	./.	./.	./.
rs2965163	1	./.	./.	2	./.	1	1
rs596522	./.	2	./.	1	1	./.	./.
rs11899372	./.	./.	./.	./.	./.	./.	./.
rs11903472	./.	./.	./.	./.	./.	./.	./.
rs9810807	2	1	1	2	2	2	2
rs711972	./.	2	1	1	2	2	1
rs356176	1	1	1	1	1	2	1
rs356175	1	1	1	1	1	2	1
rs356174	1	1	1	1	1	2	1
rs28578903	./.	1	./.	./.	./.	./.	./.
rs1628680	./.	1	./.	./.	./.	./.	./.
rs13208578	1	1	1	./.	./.	2	1
rs1637192	1	./.	2	1	1	./.	1
rs62504299	./.	1	1	./.	./.	./.	./.
rs35675744	2	2	1	./.	1	./.	./.
rs12548983	./.	./.	2	1	1	2	1
rs489486	1	2	1	2	2	2	2
rs73036081	./.	./.	./.	./.	1	./.	./.
rs4106951	./.	./.	2	./.	1	./.	./.
rs10445364	1	./.	1	./.	1	./.	1
rs10445333	1	./.	1	./.	1	./.	1
rs56036719	1	./.	1	./.	1	./.	1
rs55781174	1	./.	1	./.	1	./.	1
rs12150223	1	./.	1	./.	1	./.	1
rs62055475	1	./.	1	./.	1	./.	1
rs62055476	1	./.	1	./.	1	./.	1
rs56343551	1	./.	1	./.	1	./.	1
rs55975673	1	./.	1	./.	1	./.	1
rs56387391	1	./.	1	./.	1	./.	1
rs62063670	1	./.	1	./.	1	./.	1
rs12458596	1	./.	1	./.	./.	1	2
rs9282562	./.	./.	./.	1	1	./.	./.
rs139995984	./.	./.	./.	./.	1	./.	./.
rs6047275	1	1	2	2	1	./.	1
rs111443519	./.	./.	./.	./.	1	./.	./.
rs12613195	./.	1	1	./.	./.	./.	./.
rs1010553	1	1	1	2	1	1	1
rs4687548	1	1	1	./.	1	1	./.
rs13069481	1	1	1	./.	1	1	./.
rs917117	./.	./.	1	1	1	1	./.
rs117396993	./.	./.	./.	./.	./.	./.	./.
rs10883842	2	./.	2	./.	1	1	1
rs602391	1	2	1	2	2	2	2
rs7940866	1	1	./.	2	./.	1	1
rs148639454	./.	./.	2	./.	1	2	./.
rs618684	./.	./.	./.	./.	1	2	./.
rs4775094	./.	./.	2	./.	1	2	./.
rs16940633	1	./.	1	./.	1	./.	1
rs17686610	1	./.	1	./.	1	./.	1
rs62055499	1	./.	1	./.	1	./.	1
rs62055500	1	./.	1	./.	1	./.	1
rs62055501	1	./.	1	./.	1	./.	1
rs62055502	1	./.	1	./.	1	./.	1
rs111372048	1	./.	1	./.	1	./.	1
rs62060785	1	./.	1	./.	1	./.	1
rs112197756	1	./.	1	./.	1	./.	1
rs199514	1	2	1	2	1	2	1
rs199513	1	2	1	2	1	2	1
rs5757736	1	./.	./.	./.	./.	1	./.
rs3791034	./.	2	./.	1	1	./.	./.
rs4660740	./.	1	./.	./.	1	./.	./.
rs35589443	./.	./.	./.	./.	./.	./.	./.
rs35114168	1	1	./.	./.	./.	1	1
rs11887884	./.	./.	./.	./.	1	./.	./.
rs6722396	2	2	2	1	2	2	2
rs1363096	2	1	1	./.	./.	2	./.
rs11741998	2	./.	./.	1	./.	1	2
rs17598658	./.	1	1	./.	./.	./.	./.
rs1033656	2	./.	1	./.	1	2	./.
rs217304	2	./.	1	1	1	2	./.
rs60730	2	./.	1	1	1	2	./.
rs3811067	1	./.	./.	1	2	./.	1
rs10275045	1	1	1	./.	1	./.	2
rs2280548	1	1	1	./.	./.	1	2
rs2280546	1	1	1	./.	./.	1	2
rs4729580	2	1	./.	1	2	2	2
rs7819099	./.	./.	1	1	1	./.	2
rs55836855	./.	./.	1	./.	1	./.	2
rs55646585	./.	./.	1	./.	1	./.	2
rs56117011	./.	./.	1	./.	1	./.	2
rs35916068	./.	./.	1	./.	1	./.	2
rs6994460	./.	./.	1	1	1	./.	2
rs17691888	./.	1	1	./.	1	./.	1
rs10786745	2	./.	2	./.	1	1	1
rs1534576	./.	./.	1	./.	1	./.	./.
rs9665907	./.	./.	./.	1	1	./.	./.
rs11218343	./.	./.	./.	1	./.	./.	./.
rs1615350	2	1	2	1	1	1	2
rs9549694	2	./.	./.	1	./.	1	./.
rs4525427	./.	1	1	./.	./.	./.	1
rs4586394	1	2	./.	2	1	2	2
rs62055945	1	./.	1	./.	1	./.	1
rs62055946	1	./.	1	./.	1	./.	1
rs1876827	1	./.	1	./.	1	./.	1
rs16940677	1	./.	1	./.	1	./.	1
rs62054805	1	./.	1	./.	1	./.	1
rs62054806	1	./.	1	./.	1	./.	1
rs62054807	1	1	2	./.	1	./.	1
rs242947	1	1	./.	1	1	2	1
rs56971664	1	./.	1	./.	1	./.	1
rs62054811	1	./.	1	./.	1	./.	1
rs77926909	1	./.	1	1	./.	./.	1
rs111541901	1	./.	1	./.	1	./.	1
rs17649518	1	./.	1	./.	1	./.	1
rs62056859	1	./.	1	./.	1	./.	1
rs28416808	1	./.	1	./.	1	./.	1
rs62062774	1	./.	1	./.	1	./.	1
rs1078269	1	./.	1	./.	1	./.	1
rs1078268	1	./.	1	./.	1	./.	1
rs616338	2	2	2	2	2	2	2
rs72930787	./.	./.	./.	./.	./.	./.	./.
rs56834222	./.	./.	1	1	./.	./.	./.
rs556056228	./.	./.	./.	./.	./.	./.	./.
rs2737028	2	2	2	1	2	2	2
rs2452760	1	2	2	2	2	2	2
rs7714020	1	2	2	2	2	2	2
rs155074	./.	1	2	2	2	2	./.
rs62392365	./.	./.	./.	./.	./.	./.	./.
rs3132645	./.	1	./.	1	./.	./.	./.
rs10457441	1	1	1	./.	./.	2	1
rs12699483	1	1	1	./.	./.	1	2
rs1159574	1	./.	2	1	./.	1	./.
rs55661562	1	1	./.	./.	./.	1	./.
rs896817	./.	./.	1	./.	1	./.	./.
rs7110631	1	1	1	2	1	2	1
rs61909095	1	1	./.	./.	./.	2	1
rs937564	2	1	2	2	1	1	2
rs11628240	./.	1	1	./.	1	./.	1
rs13336347	./.	./.	1	./.	./.	./.	1
rs6498914	2	./.	2	1	2	2	2
rs17574796	1	./.	1	./.	1	./.	1
rs17574824	1	./.	1	./.	1	./.	1
rs6073587	./.	1	1	1	./.	./.	./.
rs3788557	1	./.	./.	./.	./.	1	./.
rs11805774	./.	2	./.	1	1	./.	./.
rs9729897	2	1	1	1	1	2	2
rs2909457	2	1	1	2	./.	./.	1
rs11715347	2	1	1	2	1	2	2
rs66580221	./.	./.	./.	./.	1	./.	1
rs72802868	1	./.	1	./.	1	1	1
rs72804778	1	./.	1	./.	1	1	1
rs72804781	1	./.	1	./.	1	1	1
rs3130484	./.	1	1	./.	./.	./.	./.
rs10950448	1	1	1	./.	./.	1	2
rs73227362	1	1	1	./.	./.	./.	./.
rs2640724	1	./.	1	./.	1	1	./.
rs2953928	./.	./.	./.	./.	./.	./.	./.
rs6559650	./.	1	./.	2	1	1	1
rs7481312	1	1	./.	1	./.	1	./.
rs12425850	2	1	2	1	1	1	2
rs12425009	2	1	2	1	1	1	2
rs3742365	./.	1	1	1	1	./.	1
rs3742366	./.	1	1	1	./.	./.	1
rs7149024	./.	./.	1	./.	1	./.	1
rs12886637	./.	1	1	./.	./.	./.	1
rs11642612	./.	./.	1	./.	1	1	1
rs2942170	1	./.	1	./.	1	./.	1
rs2942169	1	./.	1	./.	1	./.	1
rs62053943	1	./.	1	./.	1	./.	./.
rs1635298	1	2	1	1	1	2	1
rs12150658	1	./.	1	./.	1	./.	./.
rs12150363	1	./.	1	./.	1	./.	./.
rs62054823	1	./.	1	./.	1	./.	1
rs62054832	1	./.	1	./.	1	./.	1
rs62054833	1	./.	1	./.	1	./.	1
rs55913645	1	./.	1	./.	1	./.	1
rs17573175	1	./.	1	./.	1	./.	1
rs62063845	1	./.	1	./.	1	./.	1
rs62063846	1	./.	1	./.	1	./.	1
rs2435200	2	1	1	1	1	1	1
rs9607782	1	1	1	2	./.	2	./.
rs1964542	./.	./.	./.	./.	1	./.	./.
rs11205321	./.	./.	./.	./.	1	./.	./.
rs72694905	./.	./.	./.	./.	1	./.	./.
rs72694965	./.	./.	./.	./.	1	./.	./.
rs35860453	./.	1	./.	./.	./.	./.	./.
rs16825349	1	./.	1	./.	2	./.	./.
rs2381760	1	./.	./.	./.	2	./.	./.
rs1366836	./.	./.	1	2	1	2	1
rs2565165	2	2	1	1	1	./.	1
rs1369843	1	2	1	2	1	1	2
rs2019065	1	1	1	1	1	1	./.
rs4583705	1	./.	./.	./.	./.	./.	./.
rs2737006	1	1	1	./.	./.	1	1
rs56219078	2	1	1	./.	./.	1	1
rs62375391	1	./.	./.	./.	./.	./.	./.
rs58233521	./.	./.	./.	./.	./.	./.	./.
rs4867897	2	./.	./.	1	./.	1	2
rs301400	./.	./.	./.	./.	./.	./.	./.
rs13192365	./.	1	1	1	./.	./.	./.
rs16891264	./.	1	1	1	./.	./.	./.
rs6456728	./.	1	1	2	./.	./.	./.
rs9348721	./.	1	1	./.	./.	./.	./.
rs742046	./.	1	2	1	./.	./.	./.
rs742047	./.	1	2	./.	./.	./.	./.
rs2179094	./.	1	2	1	./.	./.	./.
rs1985099	./.	1	2	1	./.	./.	./.
rs1150711	./.	1	1	2	./.	2	1
rs9368563	./.	1	1	./.	./.	1	./.
rs1054372	./.	1	1	1	./.	2	./.
rs3131787	./.	2	./.	./.	./.	./.	1
rs3095152	./.	1	./.	./.	./.	./.	./.
rs1793894	./.	1	./.	./.	./.	./.	./.
rs116482886	1	1	./.	2	1	./.	./.
rs116132127	1	1	./.	2	1	./.	./.
rs115878723	1	1	./.	2	1	./.	./.
rs114961271	1	./.	./.	2	1	./.	./.
rs115938440	./.	./.	./.	1	./.	./.	./.
rs114653292	1	./.	1	2	1	./.	./.
rs115296342	1	1	1	2	./.	./.	./.
rs72851061	1	1	1	2	./.	./.	./.
rs114682516	1	1	./.	2	1	1	./.
rs115696138	./.	./.	./.	2	./.	./.	./.
rs510205	./.	./.	./.	./.	1	2	1
rs6905282	./.	1	1	1	2	./.	./.
rs9273358	./.	1	1	1	2	./.	./.
rs9275213	./.	./.	./.	./.	./.	1	1
rs9275592	./.	./.	./.	./.	./.	1	1
rs2858331	./.	./.	./.	./.	1	./.	1
rs9394766	1	./.	./.	./.	1	1	1
rs9394767	1	./.	./.	./.	1	1	1
rs73039217	1	2	1	./.	1	1	1
rs2906644	./.	./.	./.	./.	1	./.	./.
rs12703526	2	1	1	./.	2	./.	2
rs11762262	./.	1	1	1	./.	./.	./.
rs11769559	./.	./.	./.	./.	./.	1	./.
rs13265352	./.	1	./.	./.	1	./.	./.
rs2055877	1	1	2	1	2	2	2
rs1693568	1	1	./.	1	1	2	1
rs11257099	1	1	./.	./.	2	1	1
rs11257100	1	1	./.	./.	2	1	1
rs10761425	1	1	2	1	2	./.	1
rs10761426	1	1	2	1	2	./.	./.
rs10994321	./.	./.	./.	./.	1	1	1
rs10994359	./.	./.	./.	./.	1	1	1
rs61855348	./.	./.	./.	./.	1	1	1
rs2486302	1	1	2	2	./.	2	1
rs718376	1	./.	1	./.	./.	1	./.
rs72922678	1	./.	1	./.	./.	1	./.
rs12792791	1	1	./.	./.	2	1	2
rs2868118	1	1	./.	./.	2	1	2
rs2868119	1	1	./.	./.	2	1	2
rs2868120	1	1	./.	./.	2	1	2
rs2868121	1	1	./.	./.	2	1	2
rs10897049	1	1	./.	./.	2	1	2
rs4477457	1	1	./.	./.	2	1	2
rs10792265	1	1	./.	./.	2	1	2
rs7116069	1	1	./.	./.	2	1	2
rs2508696	1	1	1	2	1	1	./.
rs602222	1	1	1	2	1	1	1
rs1949221	1	1	./.	2	1	1	1
rs80256323	./.	./.	./.	./.	./.	./.	./.
rs641760	2	1	2	2	1	1	2
rs61953412	2	1	2	1	1	1	2
rs16917496	2	./.	2	1	1	1	2
rs28642812	2	1	2	1	1	1	2
rs4906335	./.	1	1	1	./.	./.	1
rs7163162	./.	./.	2	./.	1	2	./.
rs58416181	1	./.	./.	./.	1	./.	./.
rs9939286	./.	2	./.	./.	1	1	1
rs61740308	./.	./.	./.	1	1	./.	1
rs61745111	./.	./.	./.	1	1	./.	1
rs7502608	./.	./.	./.	1	1	./.	1
rs6502633	1	1	./.	./.	2	2	./.
rs117365970	1	./.	1	./.	1	./.	1
rs117646503	1	./.	1	./.	1	./.	1
rs17762769	1	./.	1	./.	1	./.	1
rs1528074	1	./.	1	./.	1	./.	1
rs2141299	1	./.	1	./.	1	./.	1
rs740708	1	./.	1	./.	1	./.	1
rs2668692	1	./.	1	./.	1	./.	1
rs111652778	1	./.	1	./.	1	./.	1
rs10410664	./.	./.	./.	1	1	./.	1
rs203707	./.	1	1	2	./.	1	./.
rs2965102	1	./.	./.	./.	./.	./.	./.
rs56978169	1	./.	./.	./.	./.	./.	./.
rs183427010	./.	./.	./.	./.	./.	./.	./.
rs521629	./.	1	./.	./.	1	1	./.
rs520566	./.	1	./.	./.	1	1	./.
rs519825	./.	1	./.	./.	1	1	./.
rs376938	./.	1	./.	./.	1	1	./.
rs9304646	2	1	2	1	1	2	./.
rs204468	1	1	./.	1	1	1	2
rs117261169	./.	./.	./.	./.	1	./.	./.
rs117252809	./.	./.	./.	./.	./.	./.	./.
rs34748157	./.	1	1	1	./.	./.	./.
rs718022	1	./.	1	./.	./.	./.	1
rs7274581	1	1	1	./.	./.	./.	1
rs113902203	1	1	1	./.	./.	./.	1
rs5758660	1	./.	1	1	1	./.	1
rs61769643	./.	1	./.	./.	1	./.	./.
rs10890261	1	2	2	1	2	./.	1
rs56361249	2	./.	./.	1	./.	./.	2
rs166846	1	2	1	2	1	2	2
rs13008436	./.	2	1	./.	1	./.	1
rs13063160	1	1	1	1	1	1	./.
rs11130307	1	1	1	./.	1	1	./.
rs12632381	1	1	1	./.	1	1	./.
rs6445535	1	1	1	1	1	1	./.
rs1279949	./.	2	1	./.	2	2	1
rs1279424	./.	2	1	./.	2	2	1
rs4712936	2	1	2	2	2	2	2
rs4236274	1	1	1	2	./.	2	1
rs6943399	./.	2	1	1	1	./.	1
rs11771139	1	1	./.	./.	1	./.	2
rs6965384	./.	./.	2	./.	1	1	./.
rs41563	./.	./.	2	./.	1	1	./.
rs4409766	1	./.	./.	./.	1	1	./.
rs2289614	1	1	./.	./.	2	1	2
rs12287339	./.	./.	./.	1	./.	./.	./.
rs17125523	./.	./.	./.	./.	./.	./.	./.
rs11222383	./.	1	./.	./.	1	./.	1
rs11222384	./.	1	./.	./.	1	./.	1
rs4337054	./.	1	./.	./.	1	./.	1
rs7135296	2	1	2	1	1	1	2
rs3018099	2	./.	2	1	1	1	2
rs4372492	2	1	2	1	./.	1	2
rs9549359	2	./.	./.	./.	./.	1	1
rs74093831	1	./.	1	./.	./.	2	1
rs28577986	1	./.	1	./.	./.	2	1
rs2033284	./.	./.	2	./.	1	./.	./.
rs17687667	1	./.	1	./.	1	./.	1
rs79073784	1	./.	1	./.	1	./.	1
rs62055665	1	./.	1	./.	1	./.	1
rs62055689	1	./.	1	./.	1	./.	1
rs17576165	1	./.	1	./.	1	./.	1
rs17576200	1	./.	1	./.	1	./.	1
rs62060852	1	./.	1	./.	1	./.	1
rs62061770	1	./.	1	./.	1	./.	1
rs62061771	1	./.	1	./.	1	./.	./.
rs62061772	1	./.	1	./.	1	./.	./.
rs17576989	1	./.	1	./.	1	./.	1
rs79923708	1	./.	1	./.	1	./.	1
rs199457	1	./.	1	./.	2	./.	1
rs6047310	1	1	2	2	1	./.	1
rs4456761	2	1	1	2	1	1	1
rs6073582	./.	1	1	1	./.	./.	./.
rs6673880	1	2	1	2	./.	2	./.
rs3765971	1	1	1	2	1	1	2
rs11275853	./.	2	./.	1	1	./.	./.
rs580085	2	./.	./.	2	1	2	./.
rs7415086	2	1	1	1	1	2	2
rs4423049	2	1	1	1	1	2	2
rs12077962	./.	1	1	1	1	./.	./.
rs72692862	./.	./.	./.	./.	1	./.	./.
rs28753817	./.	./.	./.	./.	1	./.	./.
rs28560140	./.	./.	./.	./.	1	./.	./.
rs2678896	2	1	1	1	1	1	1
rs11682186	1	./.	./.	1	./.	1	1
rs788021	2	2	1	2	1	1	1
rs1455653	2	2	1	1	1	1	1
rs1347551	1	./.	1	./.	1	1	1
rs1348207	1	./.	2	1	1	2	2
rs986610	1	1	1	./.	./.	1	1
rs17629676	./.	./.	./.	./.	./.	./.	./.
rs13206443	./.	1	1	1	./.	./.	./.
rs200991	./.	1	1	./.	./.	./.	./.
rs13194781	./.	1	1	./.	./.	./.	./.
rs200990	./.	1	1	./.	./.	./.	./.
rs200989	./.	1	1	./.	./.	./.	./.
rs111611027	1	1	1	1	1	2	1
rs111791688	./.	1	1	1	1	2	./.
rs55865401	1	1	1	1	1	2	1
rs2398705	1	1	1	./.	1	1	1
rs3800916	1	1	1	./.	1	1	1
rs3778982	1	1	1	./.	1	1	1
rs3778983	1	1	1	1	1	2	1
rs3823642	1	1	./.	1	1	2	2
rs3735241	2	1	./.	1	2	2	2
rs2240463	./.	./.	2	./.	1	1	./.
rs2237613	./.	./.	2	./.	1	1	./.
rs66599006	2	2	./.	2	1	1	2
rs37733	1	./.	1	1	1	1	1
rs7804021	1	./.	1	1	1	1	./.
rs10897011	1	./.	2	./.	./.	./.	./.
rs11230180	1	./.	2	./.	./.	./.	./.
rs10687788	1	2	1	2	2	2	2
rs586274	1	1	1	2	1	2	1
rs10898439	1	1	1	1	1	2	1
rs10898440	1	1	1	1	1	2	1
rs146197030	./.	./.	./.	./.	./.	./.	./.
rs12891360	./.	1	1	1	./.	./.	./.
rs76253980	1	./.	./.	1	1	./.	1
rs4566208	./.	2	./.	1	1	./.	./.
rs1467968	1	./.	1	./.	1	./.	1
rs4371195	1	./.	1	./.	1	./.	1
rs12150125	1	./.	1	./.	1	./.	1
rs12150527	1	./.	1	./.	1	./.	1
rs75145092	1	./.	1	./.	1	./.	1
rs113857334	1	./.	1	./.	1	./.	1
rs17572147	1	./.	1	./.	1	./.	./.
rs77513497	1	./.	1	./.	1	./.	1
rs754513	1	./.	1	./.	1	./.	1
rs754512	1	./.	1	./.	1	./.	1
rs1981997	1	./.	1	./.	1	./.	1
rs1981998	1	./.	1	./.	1	./.	1
rs41374248	1	./.	1	./.	1	./.	1
rs79252344	1	./.	1	./.	1	./.	1
rs17660595	1	./.	1	./.	1	./.	1
rs62061813	1	./.	1	./.	1	./.	1
rs1468240	1	./.	1	./.	1	./.	1
rs75229280	1	./.	1	./.	1	./.	1
rs113909426	1	./.	./.	./.	1	./.	1
rs111678697	1	./.	1	./.	1	./.	1
rs2696702	1	./.	1	./.	1	./.	1
rs1371833	./.	./.	./.	./.	./.	./.	./.
rs581653	./.	./.	./.	./.	./.	1	./.
rs4812316	1	1	./.	1	1	1	./.
rs4812319	1	1	./.	1	1	1	./.
rs159962	1	1	1	2	1	1	./.
rs2367724	./.	2	2	2	1	./.	1
rs6697354	1	2	2	2	1	./.	1
rs12727057	./.	2	2	./.	1	./.	2
rs61789077	./.	1	./.	./.	1	./.	./.
rs9440288	2	1	2	1	1	2	2
rs7553622	./.	./.	./.	./.	1	./.	./.
rs848293	./.	1	1	2	1	./.	1
rs281769	1	2	1	2	1	2	2
rs76401728	./.	./.	./.	./.	2	./.	1
rs202192804	./.	./.	./.	./.	2	./.	./.
rs12642514	./.	./.	./.	1	./.	1	./.
rs356178	./.	1	1	1	1	2	./.
rs40465	1	./.	1	./.	./.	./.	./.
rs72839449	./.	1	1	./.	./.	./.	./.
rs73396802	./.	1	./.	./.	./.	./.	./.
rs4721429	1	2	1	./.	1	1	1
rs2529484	1	2	1	2	1	1	2
rs2613590	1	2	1	2	1	1	2
rs7893279	./.	1	1	./.	./.	./.	./.
rs12268910	1	./.	./.	2	./.	./.	./.
rs61882746	1	1	./.	1	./.	1	./.
rs174545	./.	./.	1	./.	./.	./.	1
rs12289486	./.	./.	./.	./.	./.	./.	./.
rs7305511	2	1	2	1	1	1	2
rs72684563	1	1	./.	1	1	1	1
rs12886363	./.	1	./.	./.	1	./.	1
rs12885018	./.	1	./.	./.	1	./.	1
rs12908549	1	./.	2	./.	1	./.	./.
rs7201384	1	./.	2	1	1	1	1
rs7204459	./.	1	./.	./.	1	./.	1
rs177567	1	2	./.	1	./.	1	1
rs62055662	1	./.	1	./.	1	./.	1
rs110402	1	1	./.	1	1	2	1
rs62063269	1	./.	1	./.	1	./.	1
rs17571809	1	./.	1	./.	1	./.	1
rs17585608	1	./.	1	./.	1	./.	1
rs1918786	1	./.	1	./.	1	./.	1
rs1918787	1	./.	1	./.	1	./.	1
rs75974038	./.	./.	./.	./.	./.	./.	./.
rs77134954	./.	./.	./.	./.	./.	./.	./.
rs620807	1	1	1	2	./.	2	./.
rs13155345	2	1	1	./.	1	2	2
rs7934649	2	2	2	2	2	2	2
rs12293670	1	1	./.	1	./.	./.	1
rs1887402	./.	2	./.	2	1	./.	./.
rs6673970	./.	2	./.	1	1	./.	2
rs4394694	2	2	1	1	1	2	2
rs2318763	./.	./.	./.	./.	1	./.	./.
rs2878628	1	1	1	1	1	./.	./.
rs2251219	1	1	1	./.	1	1	./.
rs4855017	./.	1	./.	./.	./.	./.	1
rs2279182	1	./.	./.	./.	./.	./.	./.
rs2279181	1	./.	./.	./.	./.	./.	./.
rs9328759	2	2	2	2	1	./.	2
rs9328760	2	2	2	2	1	./.	2
rs356179	1	1	1	2	1	2	1
rs155075	./.	2	2	1	2	2	./.
rs4711350	2	1	2	1	2	2	1
rs1727145	2	1	./.	1	2	2	2
rs1628077	1	1	./.	1	1	2	2
rs2734897	./.	2	1	2	1	./.	./.
rs73229093	1	1	1	./.	./.	./.	./.
rs1870142	2	2	2	2	./.	2	2
rs11191365	1	./.	./.	./.	./.	2	./.
rs12267704	1	./.	./.	2	./.	./.	./.
rs12267714	1	./.	./.	2	./.	./.	./.
rs1813217	1	./.	2	./.	./.	./.	./.
rs7232	1	./.	2	./.	./.	./.	./.
rs17125548	./.	./.	./.	2	./.	./.	./.
rs10732573	2	1	2	1	1	1	2
rs10846489	2	1	2	1	1	1	2
rs11057238	2	1	2	1	1	1	2
rs17577024	1	./.	1	./.	1	./.	1
rs17577052	1	./.	1	./.	1	./.	1
rs77635460	1	./.	1	./.	1	./.	1
rs6047413	1	2	2	2	2	1	1
rs368196	./.	1	1	1	1	2	./.
rs9611465	1	1	1	2	./.	2	./.
rs11584091	./.	./.	./.	./.	1	./.	./.
rs34163547	./.	./.	./.	./.	./.	./.	1
rs17014863	./.	./.	./.	./.	./.	./.	1
rs4408829	2	./.	1	2	./.	./.	1
rs78586832	./.	1	./.	./.	1	./.	./.
rs10516850	./.	1	./.	1	1	./.	./.
rs6456727	./.	1	1	2	./.	./.	./.
rs28360499	./.	1	1	./.	./.	./.	./.
rs9348793	./.	1	1	./.	./.	./.	./.
rs853693	./.	1	1	2	./.	2	./.
rs3131921	./.	1	./.	./.	./.	./.	./.
rs146846084	./.	./.	./.	./.	./.	./.	./.
rs9381040	1	./.	./.	1	1	1	1
rs2093396	1	./.	./.	1	1	1	1
rs9640686	2	2	./.	2	1	1	2
rs7824803	./.	2	./.	2	2	1	./.
rs17057330	./.	1	1	./.	./.	./.	./.
rs59339059	1	1	1	./.	./.	./.	./.
rs1998820	./.	./.	1	./.	./.	./.	./.
rs1998821	./.	./.	1	./.	./.	./.	./.
rs17114810	1	./.	./.	./.	./.	2	./.
rs11818043	1	./.	./.	./.	./.	2	./.
rs12265066	2	./.	1	./.	1	1	./.
rs3740387	2	./.	2	./.	1	1	1
rs10894269	1	1	2	./.	./.	./.	./.
rs10466547	./.	1	./.	1	./.	1	1
rs1051431	2	1	2	1	1	1	2
rs7151643	2	2	2	1	2	2	1
rs7151474	2	2	2	1	2	2	1
rs7151491	2	2	2	1	2	2	1
rs35225048	1	2	1	./.	2	1	1
rs12150672	1	./.	1	./.	1	./.	1
rs62057156	1	./.	1	./.	1	./.	1
rs78872653	1	./.	1	./.	1	./.	1
rs62057157	1	./.	1	./.	1	./.	1
rs17577159	1	./.	1	./.	1	./.	1
rs62061823	1	./.	1	./.	1	./.	./.
rs62061824	1	./.	1	./.	1	./.	1
rs55794067	1	./.	1	./.	1	./.	1
rs73558179	./.	./.	1	1	./.	./.	./.
rs2293755	./.	./.	1	1	./.	./.	./.
rs118118561	./.	./.	./.	./.	./.	./.	./.
rs151174524	./.	./.	./.	./.	./.	./.	./.
rs1366837	./.	./.	1	1	1	2	1
rs1346649	./.	./.	1	1	1	2	1
rs921055	./.	2	1	./.	1	./.	1
rs1553656	2	1	1	./.	./.	2	1
rs73068044	2	1	1	./.	./.	./.	1
rs62291435	./.	1	./.	./.	./.	./.	1
rs10230383	1	1	1	1	1	1	2
rs10227517	1	1	1	1	1	1	2
rs10243920	1	1	1	1	1	1	2
rs10274300	1	1	1	1	1	1	2
rs11771973	1	1	1	./.	1	1	2
rs2945232	1	2	./.	2	2	1	1
rs10748835	2	./.	2	./.	1	./.	1
rs11237238	./.	./.	./.	./.	1	./.	2
rs10734900	2	1	2	1	1	1	2
rs10734901	2	1	2	1	1	1	2
rs56176579	1	./.	./.	1	1	./.	2
rs1358071	1	2	1	1	1	2	1
rs3935637	1	1	2	./.	1	./.	1
rs885639	1	./.	1	./.	1	./.	./.
rs4616318	1	1	2	./.	1	./.	1
rs17650818	1	./.	1	./.	1	./.	1
rs62063278	1	./.	1	./.	1	./.	1
rs62063279	1	./.	1	./.	1	./.	1
rs113793114	1	./.	1	./.	1	./.	1
rs17572169	1	./.	1	./.	1	./.	1
rs62063296	1	./.	1	./.	1	./.	1
rs713522	2	1	1	1	1	2	1
rs2830057	2	1	1	1	1	./.	2
rs713865	1	2	1	1	2	./.	2
rs71695442	./.	./.	./.	./.	./.	./.	./.
rs583040	./.	2	./.	1	1	./.	./.
rs77149735	./.	./.	./.	./.	./.	./.	./.
rs11904144	1	./.	./.	1	./.	1	1
rs6431220	1	2	1	1	1	2	2
rs6741388	1	./.	1	./.	./.	1	./.
rs6431239	1	2	1	1	2	1	2
rs62255371	1	1	1	./.	1	1	./.
rs6414570	./.	./.	./.	1	1	./.	./.
rs56383738	2	1	1	2	2	2	2
rs655836	./.	2	1	./.	2	2	1
rs9877655	1	1	./.	./.	./.	2	./.
rs159374	1	2	1	2	1	2	1
rs12174623	./.	1	1	./.	./.	./.	./.
rs12174639	./.	1	1	./.	./.	./.	./.
rs12174631	./.	1	1	./.	./.	./.	./.
rs56401801	./.	1	1	./.	./.	./.	./.
rs3132579	./.	1	./.	./.	./.	./.	./.
rs7463315	1	1	2	2	2	2	2
rs6985751	./.	./.	1	1	1	2	1
rs34870209	./.	./.	1	1	1	2	1
rs4633164	./.	./.	2	1	1	2	1
rs2102949	2	./.	2	1	1	1	2
rs12890837	./.	1	1	./.	./.	./.	./.
rs383241	1	./.	1	./.	1	./.	1
rs376120	1	./.	1	./.	1	./.	1
rs365825	1	./.	1	1	1	./.	1
rs393838	1	./.	1	1	1	./.	1
rs2696463	1	./.	1	./.	1	./.	1
rs2732601	1	./.	1	./.	1	./.	1
rs2696610	./.	./.	1	./.	1	./.	1
rs77471755	./.	./.	./.	./.	1	./.	1
rs3752241	1	2	./.	./.	./.	./.	1
rs2074453	1	1	1	./.	1	2	2
rs11881161	./.	./.	./.	./.	./.	1	./.
rs10405194	./.	./.	./.	./.	./.	1	./.
rs10403626	./.	./.	./.	./.	./.	1	./.
